Date,Region,Device,Total App Installs,User Sign Ups,Daily Active Users,Num_Transactions,Uninstalls,Number of App Crashes,Avg Time Spent per User (min)
1/6/23,US,Android,9043,8983,1896,"3,352",64,157,24.58
1/6/23,US,IOS,9654,5597,1772,"1,878",37,147,15.13
1/6/23,Canada,Android,6031,2244,2758,"1,364",19,219,80.98
1/6/23,Canada,IOS,2819,1269,1231,804,12,312,177.23
1/6/23,EMEA,Android,3917,1071,1375,53,13,150,107.94
1/6/23,EMEA,IOS,6093,2798,3079,"1,533",17,129,20.67
1/6/23,LATAM,Android,5862,3057,3087,"1,517",22,122,45.5
1/6/23,LATAM,IOS,3598,3045,1506,"1,080",31,115,29.6
1/6/23,APAC,Android,3194,6269,5641,"3,589",102,145,73.86
1/6/23,APAC,IOS,3944,2670,1534,574,22,129,142.42
2/6/23,US,Android,6324,2853,2274,"1,410",15,186,27.22
2/6/23,US,IOS,9282,6579,5152,"2,587",103,119,68.66
2/6/23,Canada,Android,8660,7762,5461,"2,579",64,128,140.53
2/6/23,Canada,IOS,4954,2030,1546,958,16,122,32.8
2/6/23,EMEA,Android,3518,2456,1592,"1,128",21,92,104.07
2/6/23,EMEA,IOS,3854,1560,1491,556,9,82,63.78
2/6/23,LATAM,Android,4876,4229,1736,"1,218",61,87,73.79
2/6/23,LATAM,IOS,3086,985,1321,883,41,118,42.17
2/6/23,APAC,Android,6318,3415,2123,959,26,157,51.1
2/6/23,APAC,IOS,2598,1938,1537,"1,127",18,131,132.52
3/6/23,US,Android,5972,2658,2884,"1,517",14,135,164.86
3/6/23,US,IOS,700,7300,4343,"2,383",82,136,75.99
3/6/23,Canada,Android,6613,8112,5197,"3,041",75,71,146.73
3/6/23,Canada,IOS,6586,3101,2056,"1,164",22,66,99.5
3/6/23,EMEA,Android,8003,3929,4659,"2,231",24,55,37.69
3/6/23,EMEA,IOS,5262,4048,2433,"1,492",30,59,149.84
3/6/23,LATAM,Android,4262,2608,2553,"1,875",21,56,119.46
3/6/23,LATAM,IOS,3050,1344,1689,"1,158",18,50,120.94
3/6/23,APAC,Android,5724,9798,5370,"3,014",139,64,175.65
3/6/23,APAC,IOS,3184,1133,1616,959,13,61,17.98
4/6/23,US,Android,8544,4052,4228,"2,884",55,54,104.52
4/6/23,US,IOS,8488,4284,3168,"2,337",35,44,119.14
4/6/23,Canada,Android,3135,1542,1570,"1,081",19,30,61.33
4/6/23,Canada,IOS,3857,3060,2308,"1,180",17,78,76.08
4/6/23,EMEA,Android,4434,10590,5326,"2,969",94,126,63.58
4/6/23,EMEA,IOS,2392,902,1066,98,40,112,129.84
4/6/23,LATAM,Android,2069,601,1037,78,37,121,68.22
4/6/23,LATAM,IOS,3273,2428,1335,577,32,118,57.27
4/6/23,APAC,Android,9388,8426,4229,"2,788",92,160,23.38
4/6/23,APAC,IOS,4401,2127,1444,809,20,96,40.58
5/6/23,US,Android,7808,6609,4578,"1,450",78,88,103.62
5/6/23,US,IOS,9511,5859,3469,"2,013",82,46,47.07
5/6/23,Canada,Android,5485,4079,1864,"1,372",27,30,146.21
5/6/23,Canada,IOS,2332,1287,875,135,18,42,129.84
5/6/23,EMEA,Android,8522,2402,3688,"1,504",38,43,123.93
5/6/23,EMEA,IOS,7274,6746,3392,"1,951",92,44,108.4
5/6/23,LATAM,Android,2552,2004,854,174,10,50,176.62
5/6/23,LATAM,IOS,3548,2063,1588,815,13,64,122.21
5/6/23,APAC,Android,6529,4461,2047,959,55,117,156.32
5/6/23,APAC,IOS,5816,4260,3392,"2,459",52,104,170.14
6/6/23,US,Android,6018,4378,2037,"1,355",51,66,78.71
6/6/23,US,IOS,6322,4482,2416,958,33,42,30.58
6/6/23,Canada,Android,4249,2049,1766,"1,071",26,128,61.51
6/6/23,Canada,IOS,3307,2443,1921,610,22,139,105.42
6/6/23,EMEA,Android,6593,5145,3937,"1,912",74,117,71.23
6/6/23,EMEA,IOS,4943,3186,2491,"1,577",25,31,163.92
6/6/23,LATAM,Android,5819,3477,2265,782,33,100,154.78
6/6/23,LATAM,IOS,1872,880,1095,611,14,94,30.13
6/6/23,APAC,Android,5695,2714,2994,"1,964",35,125,168.6
6/6/23,APAC,IOS,4122,1160,1783,"1,247",13,98,174.83
7/6/23,US,Android,6017,9283,6076,"2,988",140,89,150.61
7/6/23,US,IOS,4609,1592,1705,957,17,53,149.11
7/6/23,Canada,Android,8221,7345,3330,"2,060",87,56,107.14
7/6/23,Canada,IOS,3674,1540,1581,655,14,90,24.29
7/6/23,EMEA,Android,6971,5524,3648,"2,212",81,35,93.82
7/6/23,EMEA,IOS,5030,4353,2963,905,33,33,68.24
7/6/23,LATAM,Android,2753,1706,2887,287,28,88,118.85
7/6/23,LATAM,IOS,2129,962,1084,512,16,44,173.19
7/6/23,APAC,Android,9614,8469,4673,"1,985",87,113,79.06
7/6/23,APAC,IOS,4993,3297,2958,"2,200",19,98,61.16
8/6/23,US,Android,6019,8274,3494,"2,481",107,33,83.75
8/6/23,US,IOS,5882,4010,3411,"2,352",40,131,82.86
8/6/23,Canada,Android,7597,8727,3657,"2,075",144,53,151.81
8/6/23,Canada,IOS,3914,3301,1661,703,34,84,129.13
8/6/23,EMEA,Android,9569,9184,4465,"2,885",153,109,55.81
8/6/23,EMEA,IOS,4898,1898,1873,737,15,31,22.74
8/6/23,LATAM,Android,5829,1875,2659,"1,721",24,110,149.7
8/6/23,LATAM,IOS,2685,1729,1131,207,26,61,144.47
8/6/23,APAC,Android,4304,7696,3513,"1,077",58,118,120.05
8/6/23,APAC,IOS,5820,3230,2354,"1,251",50,52,117.64
9/6/23,US,Android,7457,8504,5016,"3,405",122,79,90.76
9/6/23,US,IOS,9471,6506,3435,"1,927",59,126,36.27
9/6/23,Canada,Android,7410,4898,3774,"1,438",47,46,162.97
9/6/23,Canada,IOS,3306,2020,1589,637,33,76,72.36
9/6/23,EMEA,Android,7006,2128,3070,"1,206",14,106,69.47
9/6/23,EMEA,IOS,4896,1500,2479,"1,314",16,59,25.08
9/6/23,LATAM,Android,5501,4759,2636,"1,961",28,93,94.95
9/6/23,LATAM,IOS,3552,2796,1833,601,31,94,132.7
9/6/23,APAC,Android,3988,3381,1233,851,46,30,55.01
9/6/23,APAC,IOS,5261,4056,2468,"1,674",29,90,34.76
10/6/23,US,Android,5159,4946,4130,"2,445",52,59,103.62
10/6/23,US,IOS,6621,7456,5454,"2,566",88,33,121.58
10/6/23,Canada,Android,4057,1687,1619,"1,166",18,83,40.22
10/6/23,Canada,IOS,4249,2512,1387,919,37,84,28.24
10/6/23,EMEA,Android,8060,2040,4830,"3,397",27,104,157.81
10/6/23,EMEA,IOS,5535,5214,2861,"1,915",56,121,109.32
10/6/23,LATAM,Android,5624,4745,3320,"2,058",35,71,55
10/6/23,LATAM,IOS,3569,2674,1164,614,37,86,102.88
10/6/23,APAC,Android,5246,2653,2437,"1,333",27,32,148.63
10/6/23,APAC,IOS,5405,1837,1811,929,9,77,32.61
11/6/23,US,Android,5944,4981,2005,"1,261",81,32,77.57
11/6/23,US,IOS,4536,3509,2506,909,41,44,146.92
11/6/23,Canada,Android,8704,3118,4348,"2,328",45,40,112.07
11/6/23,Canada,IOS,6256,5180,2584,"1,313",52,49,87.39
11/6/23,EMEA,Android,8510,3465,3533,"1,924",54,83,34.29
11/6/23,EMEA,IOS,4306,2065,2188,820,28,31,103.02
11/6/23,LATAM,Android,4334,2829,2278,"1,408",47,116,20.53
11/6/23,LATAM,IOS,1529,1153,805,279,12,410,154.66
11/6/23,APAC,Android,6815,4599,3148,"1,633",50,33,133.81
11/6/23,APAC,IOS,2038,1367,1049,597,16,141,164.89
12/6/23,US,Android,14210,5736,5490,"3,166",57,37,98.47
12/6/23,US,IOS,3590,1523,1716,594,20,139,167.21
12/6/23,Canada,Android,6575,4661,2711,897,65,35,153.67
12/6/23,Canada,IOS,7487,2459,2618,"1,005",19,80,158.53
12/6/23,EMEA,Android,5797,2340,2399,"1,523",28,44,15.76
12/6/23,EMEA,IOS,7290,2349,4075,"2,915",23,36,89.62
12/6/23,LATAM,Android,5468,1441,2048,"1,146",23,133,66.39
12/6/23,LATAM,IOS,1876,1234,570,341,15,472,90.73
12/6/23,APAC,Android,5546,2987,3322,"1,747",18,144,80.56
12/6/23,APAC,IOS,2993,1170,1082,417,18,548,153.03
13/6/23,US,Android,5967,3150,4782,"2,563",44,38,97.01
13/6/23,US,IOS,8483,2984,4738,"3,438",21,56,101.89
13/6/23,Canada,Android,5354,2674,5330,"3,179",18,42,56.89
13/6/23,Canada,IOS,7718,5585,2556,"1,687",29,78,106.86
13/6/23,EMEA,Android,7145,3473,5758,"3,945",27,32,38.28
13/6/23,EMEA,IOS,4002,1805,1216,412,28,543,35.26
13/6/23,LATAM,Android,4232,2792,2403,"1,605",28,100,151.14
13/6/23,LATAM,IOS,3599,2393,1753,849,19,65,157.08
13/6/23,APAC,Android,6592,6083,2254,"1,557",85,38,146.98
13/6/23,APAC,IOS,3107,1830,1624,998,20,120,37.99
14/6/23,US,Android,6787,6439,2386,"1,008",72,128,102.39
14/6/23,US,IOS,9169,6006,4275,"2,535",49,112,32.59
14/6/23,Canada,Android,3205,1084,1801,"1,025",17,49,43.94
14/6/23,Canada,IOS,5960,5027,3166,"1,551",49,33,136.78
14/6/23,EMEA,Android,4720,1439,1512,"1,023",20,32,133.64
14/6/23,EMEA,IOS,6418,4361,2689,"1,961",70,33,50.47
14/6/23,LATAM,Android,3815,2398,2107,"1,435",17,90,142.2
14/6/23,LATAM,IOS,1305,636,553,341,39,472,55.66
14/6/23,APAC,Android,5451,3093,6169,"1,865",15,120,30.11
14/6/23,APAC,IOS,3636,3391,1844,986,48,72,159.04
15/6/23,US,Android,9806,6863,5072,"2,976",95,34,121.7
15/6/23,US,IOS,6100,9606,3150,"1,945",154,46,108.71
15/6/23,Canada,Android,6522,4895,5464,"2,113",31,50,170.8
15/6/23,Canada,IOS,4695,3645,2049,"1,097",20,90,113.38
15/6/23,EMEA,Android,7283,4687,4118,"2,218",50,56,109.45
15/6/23,EMEA,IOS,6860,4311,2714,"1,579",61,83,53.44
15/6/23,LATAM,Android,4051,2319,1215,466,38,797,146.8
15/6/23,LATAM,IOS,2441,602,797,253,41,584,159.16
15/6/23,APAC,Android,8672,4568,3477,"1,860",28,33,33.23
15/6/23,APAC,IOS,2466,1119,1269,717,17,69,33.06
16/6/23,US,Android,11750,8570,6874,"4,494",65,53,177.08
16/6/23,US,IOS,7492,6893,3626,"1,360",72,95,81.26
16/6/23,Canada,Android,6257,4239,2310,876,46,41,172.95
16/6/23,Canada,IOS,7680,3779,4537,"3,165",21,38,101.63
16/6/23,EMEA,Android,9064,4761,4612,"1,703",66,44,51.93
16/6/23,EMEA,IOS,6089,1614,3398,"1,719",25,89,36.37
16/6/23,LATAM,Android,1865,1731,1013,602,26,98,82.39
16/6/23,LATAM,IOS,1195,291,1376,203,42,534,127.74
16/6/23,APAC,Android,5422,5171,3062,"1,630",30,51,72.39
16/6/23,APAC,IOS,7671,4844,3990,"2,133",73,76,155.35
17/6/23,US,Android,6034,2899,3493,"1,214",23,52,41.17
17/6/23,US,IOS,3334,2892,1826,654,15,31,164.94
17/6/23,Canada,Android,9193,7620,4157,"1,259",112,87,68.86
17/6/23,Canada,IOS,7418,5154,3636,"1,974",41,34,61.75
17/6/23,EMEA,Android,10031,6316,4038,"2,361",102,45,169.64
17/6/23,EMEA,IOS,2755,2190,964,624,35,37,72.07
17/6/23,LATAM,Android,2871,843,1714,"1,036",13,105,36.46
17/6/23,LATAM,IOS,1486,767,2812,379,42,710,15.17
17/6/23,APAC,Android,10047,4391,4299,"2,163",73,57,151.28
17/6/23,APAC,IOS,2439,973,1230,731,44,128,173.93
18/6/23,US,Android,15033,8287,6403,"3,760",133,87,66.47
18/6/23,US,IOS,10714,9468,3899,"1,224",73,67,107.85
18/6/23,Canada,Android,6981,4054,2483,"1,715",66,107,89.86
18/6/23,Canada,IOS,3453,2721,1172,369,33,700,45.6
18/6/23,EMEA,Android,3316,1945,1119,681,12,30,52.21
18/6/23,EMEA,IOS,4840,1385,1842,"1,214",16,122,39.68
18/6/23,LATAM,Android,5116,1494,2271,"1,295",14,120,139.91
18/6/23,LATAM,IOS,1409,1129,626,217,44,548,109.2
18/6/23,APAC,Android,8270,4856,3339,"2,168",36,54,100.42
18/6/23,APAC,IOS,6416,5616,3512,"1,619",33,106,108.64
19/6/23,US,Android,6038,4463,1886,"1,135",65,75,131.57
19/6/23,US,IOS,4155,2776,2010,873,34,51,132.82
19/6/23,Canada,Android,5033,4047,2241,"1,339",49,59,149.85
19/6/23,Canada,IOS,5440,3189,1900,945,17,89,55.77
19/6/23,EMEA,Android,9689,5669,3863,"1,976",69,38,145.3
19/6/23,EMEA,IOS,3916,1063,1199,712,45,140,175.84
19/6/23,LATAM,Android,4849,1860,1560,489,24,820,43.74
19/6/23,LATAM,IOS,3807,2907,1628,742,40,48,98.3
19/6/23,APAC,Android,4027,2457,1244,594,29,42,163.62
19/6/23,APAC,IOS,5996,4266,2309,"1,066",71,94,119.21
20/6/23,US,Android,7162,2934,3020,"1,724",41,102,175.28
20/6/23,US,IOS,3224,1732,1390,478,10,809,99.94
20/6/23,Canada,Android,5578,3302,5738,"2,527",51,31,123.36
20/6/23,Canada,IOS,6095,4045,2554,"1,038",48,87,27.13
20/6/23,EMEA,Android,3161,1511,1583,579,15,44,116.83
20/6/23,EMEA,IOS,4662,1967,1929,"1,104",18,121,93.31
20/6/23,LATAM,Android,2570,1922,1437,792,20,141,177.8
20/6/23,LATAM,IOS,1194,743,2714,132,12,463,29.61
20/6/23,APAC,Android,6083,6708,3818,"2,841",37,48,17.87
20/6/23,APAC,IOS,7002,4902,3056,"1,626",74,31,38.04
21/6/23,US,Android,7374,3481,6037,"3,802",23,79,30.49
21/6/23,US,IOS,8995,3169,5298,"2,198",24,131,170.86
21/6/23,Canada,Android,6653,1680,3654,"2,518",13,51,146.26
21/6/23,Canada,IOS,7710,5605,3837,"1,831",42,76,72.51
21/6/23,EMEA,Android,5420,5201,3215,"1,553",29,103,29.93
21/6/23,EMEA,IOS,3292,2540,1387,"2,620",39,72,159.85
21/6/23,LATAM,Android,4213,3646,3639,"2,970",34,49,75.47
21/6/23,LATAM,IOS,1961,1266,1253,"1,518",12,78,52.5
21/6/23,APAC,Android,11578,7672,5705,"3,661",53,110,157.45
21/6/23,APAC,IOS,3145,2673,1711,"2,597",42,136,110.73
22/6/23,US,Android,7907,5693,6929,"4,407",83,108,47.3
22/6/23,US,IOS,8524,7548,4998,"2,972",44,51,169.18
22/6/23,Canada,Android,7654,4049,5169,"2,768",28,31,147.5
22/6/23,Canada,IOS,7850,5168,4045,"1,942",31,76,35.11
22/6/23,EMEA,Android,5118,1682,2763,"1,059",25,41,108.61
22/6/23,EMEA,IOS,4576,4122,1492,"1,996",41,109,119.47
22/6/23,LATAM,Android,4839,1170,2200,"1,247",15,111,115.81
22/6/23,LATAM,IOS,3123,1561,1658,"1,913",24,67,60.34
22/6/23,APAC,Android,7004,5973,3802,"2,452",77,41,40.24
22/6/23,APAC,IOS,5910,4554,2157,"2,740",69,97,52.99
23/6/23,US,Android,7360,7197,4740,"2,690",55,64,60.3
23/6/23,US,IOS,5615,4157,2406,"1,498",40,45,36.19
23/6/23,Canada,Android,5076,6795,5760,"3,731",61,39,162.54
23/6/23,Canada,IOS,7684,4064,3097,"1,789",38,33,26.16
23/6/23,EMEA,Android,9454,2745,3605,"2,043",34,48,68.52
23/6/23,EMEA,IOS,4970,1874,2055,"3,952",10,31,70.04
23/6/23,LATAM,Android,1698,1095,941,"3,366",18,697,82.56
23/6/23,LATAM,IOS,2363,1333,1297,"3,572",18,49,78.12
23/6/23,APAC,Android,7468,3939,4464,"3,201",27,132,125.81
23/6/23,APAC,IOS,7358,5069,3875,"1,385",31,55,41.29
24/6/23,US,Android,7173,3770,5371,"2,481",32,63,106.38
24/6/23,US,IOS,6577,5486,3833,"2,656",45,145,178.71
24/6/23,Canada,Android,8061,3144,2700,"1,803",50,38,102.86
24/6/23,Canada,IOS,5052,4143,1977,665,59,66,40.38
24/6/23,EMEA,Android,4787,2341,2356,"1,579",38,36,66.77
24/6/23,EMEA,IOS,5314,3139,2814,"1,065",38,39,39.15
24/6/23,LATAM,Android,2259,653,1111,564,41,116,35.14
24/6/23,LATAM,IOS,3476,1614,1501,522,18,90,17.92
24/6/23,APAC,Android,9836,6965,3132,"2,040",47,137,94.96
24/6/23,APAC,IOS,2276,641,1354,552,46,106,144.14
25/6/23,US,Android,15081,4716,4806,"2,544",62,67,53.39
25/6/23,US,IOS,3842,1769,1760,865,22,129,81.79
25/6/23,Canada,Android,3460,1315,1468,987,12,111,174.03
25/6/23,Canada,IOS,7398,3992,2262,943,42,33,46.3
25/6/23,EMEA,Android,8455,3339,3148,"2,327",17,33,22.03
25/6/23,EMEA,IOS,5462,1742,2383,"1,620",20,30,35.99
25/6/23,LATAM,Android,4121,1952,1825,856,27,85,144.53
25/6/23,LATAM,IOS,3127,1050,1556,"1,127",44,59,57.02
25/6/23,APAC,Android,7306,6647,3904,"2,621",53,44,162.69
25/6/23,APAC,IOS,3899,3169,1261,879,58,74,127.24
26/6/23,US,Android,8946,2391,4452,"2,943",33,104,172.82
26/6/23,US,IOS,6852,3556,4094,"3,016",37,76,73.55
26/6/23,Canada,Android,9409,2924,4980,"2,088",37,54,174.7
26/6/23,Canada,IOS,2498,2007,1481,889,15,77,116.48
26/6/23,EMEA,Android,8883,2575,3939,"2,770",42,32,63.32
26/6/23,EMEA,IOS,4243,1366,2444,"1,306",15,130,36.14
26/6/23,LATAM,Android,5421,1733,1781,836,21,64,170.61
26/6/23,LATAM,IOS,1492,1355,1012,205,17,536,149.63
26/6/23,APAC,Android,3023,2568,1136,726,40,32,138.45
26/6/23,APAC,IOS,4552,3637,1608,877,46,48,104.03
27/6/23,US,Android,7683,2441,2517,"1,848",32,34,71.49
27/6/23,US,IOS,9310,5869,4213,"1,828",70,77,159.1
27/6/23,Canada,Android,8698,6854,3814,"1,160",47,43,160.44
27/6/23,Canada,IOS,4408,1372,2380,933,13,39,149.49
27/6/23,EMEA,Android,5425,4288,6114,"3,359",39,113,153.59
27/6/23,EMEA,IOS,3233,2512,1899,884,18,137,153.93
27/6/23,LATAM,Android,3057,2663,1255,630,44,74,50.84
27/6/23,LATAM,IOS,2464,1286,1253,378,13,709,44.92
27/6/23,APAC,Android,6022,1848,2675,"1,576",22,34,52.2
27/6/23,APAC,IOS,4657,2998,2342,"1,551",36,64,68.15
28/6/23,US,Android,7551,2230,3022,"1,974",13,82,100.35
28/6/23,US,IOS,8174,4159,4256,"1,728",27,127,113.71
28/6/23,Canada,Android,9601,7603,3743,"1,415",103,30,144.63
28/6/23,Canada,IOS,2804,2057,1470,930,34,34,45.44
28/6/23,EMEA,Android,2330,2711,5779,"3,257",74,36,100.48
28/6/23,EMEA,IOS,2760,2217,1534,616,12,34,45.71
28/6/23,LATAM,Android,2129,1178,1089,636,19,65,96.92
28/6/23,LATAM,IOS,3586,2875,1137,456,15,787,138.98
28/6/23,APAC,Android,11385,6602,4381,"1,402",34,50,55.75
28/6/23,APAC,IOS,3316,2675,1364,673,44,68,25.79
29/6/23,US,Android,3212,4702,8363,"4,624",81,50,82.83
29/6/23,US,IOS,3800,3700,4891,"3,588",46,36,79.92
29/6/23,Canada,Android,5157,5500,5274,"3,911",44,138,134.65
29/6/23,Canada,IOS,5240,3390,3100,"1,779",35,104,39.96
29/6/23,EMEA,Android,7725,4178,3902,"2,128",25,96,156.92
29/6/23,EMEA,IOS,4839,3051,2248,"1,295",43,79,94.97
29/6/23,LATAM,Android,5442,1858,1985,683,24,67,138.63
29/6/23,LATAM,IOS,3575,1018,1937,982,11,84,97.05
29/6/23,APAC,Android,9163,3905,3656,"2,342",27,57,35.83
29/6/23,APAC,IOS,7766,6781,2886,"1,452",103,50,107.07
30/6/23,US,Android,6402,1836,3667,"1,989",19,65,76.37
30/6/23,US,IOS,9004,7490,4796,"3,520",71,104,30.52
30/6/23,Canada,Android,4533,3676,2223,"1,465",43,40,102.95
30/6/23,Canada,IOS,7956,4473,2783,"1,603",51,31,60.69
30/6/23,EMEA,Android,5481,3316,1699,788,40,33,40.1
30/6/23,EMEA,IOS,3923,2382,1628,575,39,38,174.58
30/6/23,LATAM,Android,4130,2434,2137,952,16,97,123.26
30/6/23,LATAM,IOS,1742,1434,1140,498,58,829,77.54
30/6/23,APAC,Android,3136,1175,1711,930,18,57,92.74
30/6/23,APAC,IOS,3196,2267,1203,804,20,31,43.67
1/7/23,US,Android,7513,2414,3875,"1,895",14,73,89.31
1/7/23,US,IOS,6260,4268,2962,"1,872",43,54,176.55
1/7/23,Canada,Android,8473,2223,2812,"1,242",30,88,43.86
1/7/23,Canada,IOS,4538,3229,1460,489,53,820,65.38
1/7/23,EMEA,Android,7415,2145,3133,"2,010",30,83,148.22
1/7/23,EMEA,IOS,2715,1951,1553,935,16,76,79.31
1/7/23,LATAM,Android,3510,2006,1629,767,30,130,94.05
1/7/23,LATAM,IOS,3019,816,1737,740,11,73,175.51
1/7/23,APAC,Android,4768,3732,1456,"1,068",54,42,118.66
1/7/23,APAC,IOS,7168,3173,2392,"1,475",48,31,22.61
2/7/23,US,Android,10634,6141,5099,"2,212",52,58,113.8
2/7/23,US,IOS,7955,6934,3175,"1,439",106,42,28.03
2/7/23,Canada,Android,4514,3807,1935,814,32,42,123.71
2/7/23,Canada,IOS,7446,6244,2490,852,75,34,158.31
2/7/23,EMEA,Android,5746,5016,2616,"1,291",58,105,91.63
2/7/23,EMEA,IOS,2210,1488,1299,549,23,30,145.15
2/7/23,LATAM,Android,5240,2153,1736,821,24,132,58.34
2/7/23,LATAM,IOS,1401,942,1846,371,13,702,15.48
2/7/23,APAC,Android,7030,4078,2404,"1,021",23,115,93.04
2/7/23,APAC,IOS,7262,2768,2790,"1,097",34,59,16.26
3/7/23,US,Android,12965,10890,4997,"2,540",162,52,99.59
3/7/23,US,IOS,6289,1710,3428,"1,467",14,45,71.96
3/7/23,Canada,Android,3109,2703,1588,"1,186",29,87,42.26
3/7/23,Canada,IOS,6572,3573,3761,"2,337",35,136,63.96
3/7/23,EMEA,Android,11962,11097,3594,"2,108",162,38,21.69
3/7/23,EMEA,IOS,2750,2019,1142,577,13,98,113.39
3/7/23,LATAM,Android,1781,1390,1790,265,61,596,126.98
3/7/23,LATAM,IOS,1499,1318,1889,245,16,576,159.16
3/7/23,APAC,Android,4893,3421,2246,"1,512",47,43,16.93
3/7/23,APAC,IOS,6914,4310,2249,"1,079",44,64,107.18
4/7/23,US,Android,8386,4830,2685,"1,274",70,36,27.81
4/7/23,US,IOS,4272,1967,1854,"1,222",28,31,110.58
4/7/23,Canada,Android,6096,3354,2893,"1,351",29,119,79.84
4/7/23,Canada,IOS,6054,3085,2598,946,21,117,171.2
4/7/23,EMEA,Android,6544,1690,3213,"1,456",21,135,113.34
4/7/23,EMEA,IOS,6448,4691,2640,"1,051",57,34,32.37
4/7/23,LATAM,Android,3223,1099,2207,524,12,108,31.38
4/7/23,LATAM,IOS,2519,661,2090,272,59,603,95.5
4/7/23,APAC,Android,5405,4800,3172,"1,400",30,35,179.15
4/7/23,APAC,IOS,4538,4304,2670,"1,269",36,30,104.33
5/7/23,US,Android,7412,4329,2598,"1,068",48,87,64.88
5/7/23,US,IOS,3863,2899,1747,"1,057",20,143,107.02
5/7/23,Canada,Android,8828,3169,5296,"1,947",37,45,136.21
5/7/23,Canada,IOS,5207,3587,2532,989,42,31,155.67
5/7/23,EMEA,Android,4596,2899,2708,"1,921",22,33,90.65
5/7/23,EMEA,IOS,6194,2069,2090,"1,374",29,58,20.69
5/7/23,LATAM,Android,5668,1967,3368,"1,743",20,85,76.93
5/7/23,LATAM,IOS,2454,1512,1061,607,17,68,134.74
5/7/23,APAC,Android,6641,6283,3641,"2,345",61,56,93.62
5/7/23,APAC,IOS,6300,2007,2720,"1,853",30,98,66.46
6/7/23,US,Android,9398,5289,4586,"3,287",58,109,128.47
6/7/23,US,IOS,5867,5091,2873,"1,695",57,32,61
6/7/23,Canada,Android,3417,2120,2040,796,30,51,15.38
6/7/23,Canada,IOS,7146,5511,3731,"1,359",81,39,150.62
6/7/23,EMEA,Android,8035,6360,3890,"1,322",95,58,128.42
6/7/23,EMEA,IOS,2806,806,2148,621,60,31,16
6/7/23,LATAM,Android,2139,1318,1904,363,11,694,93.91
6/7/23,LATAM,IOS,2293,671,2104,360,59,691,63.26
6/7/23,APAC,Android,5836,3102,2314,"1,190",48,40,51.18
6/7/23,APAC,IOS,3131,2112,1548,550,19,49,158.04
7/7/23,US,Android,11017,7291,3542,"2,151",89,70,150.72
7/7/23,US,IOS,11846,5316,3980,"2,836",61,67,96.95
7/7/23,Canada,Android,10342,9050,5342,"2,255",132,41,99.34
7/7/23,Canada,IOS,2724,1195,2081,588,16,88,170.17
7/7/23,EMEA,Android,6571,3073,2681,"1,131",19,119,164.69
7/7/23,EMEA,IOS,5604,3095,2316,"1,699",48,114,21.98
7/7/23,LATAM,Android,2084,1082,1065,322,13,653,124.95
7/7/23,LATAM,IOS,2824,1244,1420,"1,029",61,88,144
7/7/23,APAC,Android,11378,10918,5115,"2,421",68,54,90.52
7/7/23,APAC,IOS,4311,3003,1297,890,42,113,150.66
8/7/23,US,Android,13743,10419,7709,"4,847",97,36,126.84
8/7/23,US,IOS,8633,2295,5000,"1,783",22,51,121.4
8/7/23,Canada,Android,4932,3606,2337,791,38,67,24.59
8/7/23,Canada,IOS,3685,2959,1216,741,34,80,70.66
8/7/23,EMEA,Android,9118,6845,2821,"1,781",110,44,113.2
8/7/23,EMEA,IOS,5081,3871,1588,760,59,87,142.71
8/7/23,LATAM,Android,5085,2025,2833,"1,583",13,82,148.18
8/7/23,LATAM,IOS,4978,3104,1190,540,31,42,72.44
8/7/23,APAC,Android,5225,3401,2607,"1,425",39,49,18.89
8/7/23,APAC,IOS,3770,3157,1460,574,38,81,25.84
9/7/23,US,Android,12312,11264,5442,"1,779",136,93,173.04
9/7/23,US,IOS,8150,3360,4037,"2,382",38,45,75.34
9/7/23,Canada,Android,6414,4890,3648,"2,485",60,53,39.25
9/7/23,Canada,IOS,3506,2172,1224,721,34,110,166.39
9/7/23,EMEA,Android,3129,2384,2209,608,27,37,16.29
9/7/23,EMEA,IOS,4376,1776,1858,810,10,129,97.6
9/7/23,LATAM,Android,3426,3196,1982,"1,273",39,120,86.41
9/7/23,LATAM,IOS,1351,870,1814,423,13,754,176.9
9/7/23,APAC,Android,9343,5789,4650,"1,623",55,42,179.15
9/7/23,APAC,IOS,7657,7092,2800,"1,418",79,33,50.3
10/7/23,US,Android,13674,12941,7353,"5,210",93,37,80.21
10/7/23,US,IOS,4737,4470,1651,849,62,116,120.7
10/7/23,Canada,Android,6095,4891,3225,"2,208",79,104,144.43
10/7/23,Canada,IOS,5262,4772,2580,"1,032",37,34,99.92
10/7/23,EMEA,Android,8481,2618,2618,"1,352",26,65,163.73
10/7/23,EMEA,IOS,5861,3085,3505,"1,122",48,136,119.85
10/7/23,LATAM,Android,2235,1750,1308,732,27,112,178.75
10/7/23,LATAM,IOS,1991,1286,2203,404,12,735,175.77
10/7/23,APAC,Android,11146,9415,4109,"3,001",130,40,52.11
10/7/23,APAC,IOS,7556,4978,3582,"1,907",50,83,73.25
11/7/23,US,Android,11223,9995,4717,"3,035",149,33,97.09
11/7/23,US,IOS,9520,3686,3701,"2,099",29,42,63.71
11/7/23,Canada,Android,10355,6264,5625,"3,803",61,74,73.18
11/7/23,Canada,IOS,3230,1128,1491,637,17,67,79.65
11/7/23,EMEA,Android,5566,4403,2365,"1,266",22,142,48.09
11/7/23,EMEA,IOS,7570,3475,2794,840,30,34,52.01
11/7/23,LATAM,Android,5647,3960,2980,"1,711",39,137,132.58
11/7/23,LATAM,IOS,3744,1630,1502,"1,126",11,46,139.45
11/7/23,APAC,Android,10500,6620,4349,"2,116",45,79,42.61
11/7/23,APAC,IOS,7016,4633,2194,920,75,84,132.88
12/7/23,US,Android,14540,9353,7453,"2,813",132,87,151.54
12/7/23,US,IOS,5519,2040,2986,"1,060",12,135,71.86
12/7/23,Canada,Android,5093,4182,2056,927,30,61,34.61
12/7/23,Canada,IOS,5501,4200,3213,"1,681",48,30,98.6
12/7/23,EMEA,Android,3691,3294,1973,702,17,47,175.09
12/7/23,EMEA,IOS,3918,1215,1764,"1,090",14,107,23.53
12/7/23,LATAM,Android,2172,1004,1942,534,11,74,80.43
12/7/23,LATAM,IOS,1997,1744,1005,584,25,48,126
12/7/23,APAC,Android,5441,1583,3159,"2,157",14,33,17.01
12/7/23,APAC,IOS,3824,1366,1170,557,10,96,117.51
13/7/23,US,Android,7351,4042,3541,"1,456",62,134,86.41
13/7/23,US,IOS,3011,2191,1089,513,13,110,125.79
13/7/23,Canada,Android,10501,4025,5516,"1,906",40,52,170.31
13/7/23,Canada,IOS,3782,3577,1723,656,21,34,176.53
13/7/23,EMEA,Android,10781,8315,4601,"2,098",110,58,48.88
13/7/23,EMEA,IOS,7646,3313,3800,"2,796",28,32,43.4
13/7/23,LATAM,Android,1955,1809,1854,365,15,696,106.31
13/7/23,LATAM,IOS,1570,1172,1949,370,11,701,66.63
13/7/23,APAC,Android,5517,2315,1943,685,12,49,170.88
13/7/23,APAC,IOS,3903,3575,2075,"1,206",18,31,118.54
14/7/23,US,Android,8456,5578,3679,"2,689",44,60,116.85
14/7/23,US,IOS,7243,5244,2394,727,86,41,138.48
14/7/23,Canada,Android,7376,6057,4021,"2,134",91,42,52.81
14/7/23,Canada,IOS,3655,2555,1880,641,20,100,23.25
14/7/23,EMEA,Android,11248,2811,4098,"1,729",22,47,73.55
14/7/23,EMEA,IOS,4016,3083,2016,678,37,95,161.02
14/7/23,LATAM,Android,4763,3966,2207,861,63,126,56.8
14/7/23,LATAM,IOS,1120,690,1674,329,57,660,70.05
14/7/23,APAC,Android,5416,2736,2708,"1,772",42,94,55.98
14/7/23,APAC,IOS,4123,3464,1899,693,37,94,151.08
15/7/23,US,Android,11546,9298,4160,"2,353",111,83,96.03
15/7/23,US,IOS,7802,3052,4009,"1,223",25,121,41.32
15/7/23,Canada,Android,6062,3709,3533,"2,247",53,48,128.05
15/7/23,Canada,IOS,2321,1903,1340,669,10,101,73.89
15/7/23,EMEA,Android,9949,2936,5456,"2,167",45,59,68.91
15/7/23,EMEA,IOS,4448,2264,1644,729,18,84,106.31
15/7/23,LATAM,Android,2278,1119,1226,856,12,124,17.19
15/7/23,LATAM,IOS,3139,1116,1111,680,14,58,42.27
15/7/23,APAC,Android,5212,4489,2798,"1,213",50,37,83.34
15/7/23,APAC,IOS,7900,6963,3210,"1,115",54,120,49.96
16/7/23,US,Android,10960,4566,4574,"1,854",26,45,116.69
16/7/23,US,IOS,6377,3434,3580,"2,168",47,54,82.97
16/7/23,Canada,Android,7141,4671,4167,"2,556",24,50,70.64
16/7/23,Canada,IOS,3075,2908,1028,662,32,33,98.79
16/7/23,EMEA,Android,8407,6718,4684,"2,824",81,77,118.69
16/7/23,EMEA,IOS,6262,4725,3252,"1,996",72,77,150.53
16/7/23,LATAM,Android,5901,2281,2276,"1,227",15,74,156.07
16/7/23,LATAM,IOS,3543,2086,1498,886,11,79,48.57
16/7/23,APAC,Android,10199,2756,3616,"2,294",29,129,121.97
16/7/23,APAC,IOS,3912,2208,2334,944,24,133,67.99
17/7/23,US,Android,17246,5008,8321,"5,142",68,143,134.25
17/7/23,US,IOS,9831,4836,4068,"2,742",77,59,15.88
17/7/23,Canada,Android,7375,2276,2320,"1,302",14,50,144.02
17/7/23,Canada,IOS,6018,4923,2059,"1,239",54,51,78.79
17/7/23,EMEA,Android,4898,1863,2571,"1,822",29,58,86.47
17/7/23,EMEA,IOS,7258,6388,3554,"1,317",75,147,132.61
17/7/23,LATAM,Android,2273,876,2059,336,61,667,134.52
17/7/23,LATAM,IOS,3536,1327,1799,850,79,49,173.15
17/7/23,APAC,Android,6208,4884,4250,"3,071",64,137,102.24
17/7/23,APAC,IOS,6444,1678,1625,923,22,122,143.37
18/7/23,US,Android,7505,12802,7186,"4,574",181,88,20.14
18/7/23,US,IOS,7031,3023,3983,"2,672",30,48,125.03
18/7/23,Canada,Android,9685,5315,4399,"2,777",39,106,151.19
18/7/23,Canada,IOS,5951,2435,1742,"1,170",32,31,147.22
18/7/23,EMEA,Android,11945,10246,4449,"1,415",170,56,173.59
18/7/23,EMEA,IOS,6279,3136,2950,"1,300",44,31,17.6
18/7/23,LATAM,Android,5003,3954,2645,840,49,100,15.88
18/7/23,LATAM,IOS,2741,1890,1305,733,28,96,135.95
18/7/23,APAC,Android,5113,3830,1885,"1,072",36,125,76.3
18/7/23,APAC,IOS,3035,1881,1817,"1,347",14,85,91.09
19/7/23,US,Android,11561,7711,5045,"3,045",43,56,33.16
19/7/23,US,IOS,8574,3090,4349,"2,669",33,53,138.39
19/7/23,Canada,Android,7189,4827,3678,"1,856",34,115,171.54
19/7/23,Canada,IOS,3402,863,1643,"1,010",12,87,128.14
19/7/23,EMEA,Android,11701,7322,4921,"1,817",78,39,121.03
19/7/23,EMEA,IOS,5042,3327,2049,663,40,115,53.08
19/7/23,LATAM,Android,5921,3997,1481,"2,842",66,101,127.77
19/7/23,LATAM,IOS,3079,2373,1665,"1,247",20,67,129.05
19/7/23,APAC,Android,4976,4681,2758,905,49,40,86.84
19/7/23,APAC,IOS,7293,5265,2857,"1,567",81,68,49.78
20/7/23,US,Android,7202,10011,10024,"3,345",56,33,175.56
20/7/23,US,IOS,9139,8561,3505,"2,310",87,59,51.25
20/7/23,Canada,Android,7027,2342,2857,"1,724",19,120,43.07
20/7/23,Canada,IOS,6712,2320,3754,"1,388",21,92,151.84
20/7/23,EMEA,Android,6379,6701,3541,"1,987",96,40,66.43
20/7/23,EMEA,IOS,4424,1933,1436,728,21,32,133.01
20/7/23,LATAM,Android,3397,1839,1758,982,19,30,47.88
20/7/23,LATAM,IOS,2219,1392,1324,927,21,64,101.26
20/7/23,APAC,Android,3506,2714,1560,"1,056",29,38,146.95
20/7/23,APAC,IOS,6460,3077,3416,"1,218",32,35,149.95
21/7/23,US,Android,9458,6135,4227,"2,494",72,124,168.83
21/7/23,US,IOS,9650,6913,4548,"1,743",46,138,45.17
21/7/23,Canada,Android,4671,4158,2209,"1,218",50,63,76.8
21/7/23,Canada,IOS,6750,6182,2708,"1,701",95,34,43.9
21/7/23,EMEA,Android,5050,1303,2303,"1,232",10,58,15.11
21/7/23,EMEA,IOS,6351,4269,2623,"1,061",24,39,72.95
21/7/23,LATAM,Android,2439,1002,1423,817,16,63,164.89
21/7/23,LATAM,IOS,2620,641,1338,772,9,77,179.93
21/7/23,APAC,Android,7051,3599,3121,"1,884",48,127,71.17
21/7/23,APAC,IOS,6470,2609,2850,"1,847",33,39,20.76
22/7/23,US,Android,8561,7312,5127,"3,375",116,55,54.18
22/7/23,US,IOS,4084,2349,2346,903,33,44,77.66
22/7/23,Canada,Android,4982,1912,2344,"1,390",11,38,156.32
22/7/23,Canada,IOS,5446,4950,1742,538,47,33,29.45
22/7/23,EMEA,Android,9096,3718,2811,"2,059",33,53,120.12
22/7/23,EMEA,IOS,6094,4145,2409,"1,642",54,38,98.54
22/7/23,LATAM,Android,5097,2241,3002,914,19,61,72.24
22/7/23,LATAM,IOS,3188,3037,1281,430,26,761,29.68
22/7/23,APAC,Android,4718,3966,1678,785,63,142,54.6
22/7/23,APAC,IOS,2073,1386,1224,613,9,140,15.83
23/7/23,US,Android,5969,2876,9454,"5,295",177,94,33.94
23/7/23,US,IOS,5012,1403,1823,"1,091",78,31,156.26
23/7/23,Canada,Android,5633,9408,4191,"2,560",147,113,135.4
23/7/23,Canada,IOS,3588,1745,1971,698,17,38,62.51
23/7/23,EMEA,Android,9844,9094,5120,"2,993",60,57,105.2
23/7/23,EMEA,IOS,3069,836,2148,525,77,66,108.49
23/7/23,LATAM,Android,4463,3320,2090,"1,513",32,91,147.16
23/7/23,LATAM,IOS,1410,439,1789,197,74,528,26.09
23/7/23,APAC,Android,9595,7715,4654,"3,205",102,113,145.27
23/7/23,APAC,IOS,7712,3496,4208,"3,125",56,129,144.04
24/7/23,US,Android,6047,2964,1910,"1,168",16,125,178.26
24/7/23,US,IOS,4459,1881,1818,"1,219",22,32,162.82
24/7/23,Canada,Android,11111,5567,4427,"1,745",80,52,74.13
24/7/23,Canada,IOS,3810,3221,1578,"1,048",24,31,143.95
24/7/23,EMEA,Android,4477,2052,1502,"1,082",33,38,114.28
24/7/23,EMEA,IOS,5193,3024,1809,"1,077",29,30,168.14
24/7/23,LATAM,Android,4403,1274,1475,849,13,131,121.96
24/7/23,LATAM,IOS,1388,883,1976,509,9,49,163.38
24/7/23,APAC,Android,3644,1152,1545,933,10,56,50.8
24/7/23,APAC,IOS,7733,2868,4239,"1,352",20,31,100.52
25/7/23,US,Android,9282,5950,4183,"2,632",46,130,153.02
25/7/23,US,IOS,7036,6421,3452,"2,014",101,39,102.66
25/7/23,Canada,Android,6190,4966,2681,"1,882",48,54,104.15
25/7/23,Canada,IOS,2663,1093,1412,742,40,30,94.86
25/7/23,EMEA,Android,3364,1472,1226,856,23,123,16.05
25/7/23,EMEA,IOS,7485,5551,2771,"1,094",49,31,171.21
25/7/23,LATAM,Android,2715,1399,1185,771,17,53,123.82
25/7/23,LATAM,IOS,1045,575,1589,124,38,455,65.69
25/7/23,APAC,Android,3140,3028,3778,"2,095",141,104,163.16
25/7/23,APAC,IOS,5683,4189,3077,996,38,59,41.9
26/7/23,US,Android,5804,5648,8068,"3,526",83,87,158.29
26/7/23,US,IOS,5674,6328,3640,"2,032",35,34,111.24
26/7/23,Canada,Android,5758,9438,4402,"2,703",82,58,175.68
26/7/23,Canada,IOS,4714,1341,2215,"1,413",15,34,105.73
26/7/23,EMEA,Android,7286,2237,2543,"1,017",22,47,149.86
26/7/23,EMEA,IOS,4382,1335,1381,804,10,100,49.84
26/7/23,LATAM,Android,1791,1284,2158,593,19,112,50.68
26/7/23,LATAM,IOS,1618,1327,1773,206,18,537,82.27
26/7/23,APAC,Android,5591,4078,1736,827,23,144,55.68
26/7/23,APAC,IOS,2764,1180,1572,682,18,55,54.69
27/7/23,US,Android,10244,8289,4750,"1,650",55,56,136.76
27/7/23,US,IOS,5249,1570,3133,982,41,116,178.09
27/7/23,Canada,Android,3702,1338,1956,"1,033",12,116,92.17
27/7/23,Canada,IOS,4381,2422,2128,"1,275",25,92,48.25
27/7/23,EMEA,Android,3146,1728,1066,367,14,698,150.03
27/7/23,EMEA,IOS,3062,1773,1098,651,19,119,56.75
27/7/23,LATAM,Android,4297,1220,1409,"1,034",10,88,126.62
27/7/23,LATAM,IOS,1446,975,1896,337,13,668,18.03
27/7/23,APAC,Android,5924,4374,2888,"1,837",34,41,36.61
27/7/23,APAC,IOS,5080,1665,1697,"1,270",22,75,168.26
28/7/23,US,Android,9489,3141,4619,"3,063",17,124,119.18
28/7/23,US,IOS,8565,7654,4731,"2,768",103,35,23.32
28/7/23,Canada,Android,8915,7938,3663,"1,697",55,55,114.15
28/7/23,Canada,IOS,3592,2932,1240,847,44,48,101.7
28/7/23,EMEA,Android,9652,9227,3787,"2,563",111,47,63.81
28/7/23,EMEA,IOS,5468,4290,3157,"1,410",26,132,17.68
28/7/23,LATAM,Android,5399,3957,2976,"1,063",61,68,30.58
28/7/23,LATAM,IOS,2774,1586,1097,771,17,71,143.67
28/7/23,APAC,Android,5965,5259,2367,"1,301",27,35,104.15
28/7/23,APAC,IOS,2374,2098,1352,742,31,78,77.7
29/7/23,US,Android,5327,5494,7225,"3,728",126,35,44.19
29/7/23,US,IOS,5447,5138,1777,586,50,35,67.8
29/7/23,Canada,Android,7562,3479,3794,"2,303",34,31,119.35
29/7/23,Canada,IOS,7594,5468,3583,"1,489",35,137,97.49
29/7/23,EMEA,Android,7361,2256,3696,"2,385",32,126,116.82
29/7/23,EMEA,IOS,6847,2789,3186,"1,706",21,32,60.84
29/7/23,LATAM,Android,2770,836,2131,518,38,110,120.23
29/7/23,LATAM,IOS,3540,3226,1350,648,36,94,116.25
29/7/23,APAC,Android,6418,6054,2186,"1,535",69,142,91.92
29/7/23,APAC,IOS,6054,4506,2429,"1,758",63,33,67.1
30/7/23,US,Android,6221,5860,2432,"1,787",86,73,126.56
30/7/23,US,IOS,11367,6102,4266,"1,511",97,56,72.03
30/7/23,Canada,Android,3552,1011,1605,598,9,45,32.55
30/7/23,Canada,IOS,2709,1342,2119,632,13,82,116.31
30/7/23,EMEA,Android,7031,4003,3070,"1,494",39,52,172.5
30/7/23,EMEA,IOS,2477,916,1133,397,40,728,35.93
30/7/23,LATAM,Android,1863,665,1889,221,9,552,158.87
30/7/23,LATAM,IOS,1877,608,1943,393,38,724,164.82
30/7/23,APAC,Android,6165,2794,2130,"1,053",19,70,101.4
30/7/23,APAC,IOS,4015,3146,2202,740,37,83,166.11
31/7/23,US,Android,17204,13833,10017,"3,565",114,33,68.74
31/7/23,US,IOS,6920,5258,2918,"1,553",29,55,16.73
31/7/23,Canada,Android,4248,1475,2062,936,21,52,149.37
31/7/23,Canada,IOS,2474,1603,1195,371,15,702,113.91
31/7/23,EMEA,Android,8939,5101,5110,"3,454",70,66,151.35
31/7/23,EMEA,IOS,7204,3100,2308,919,34,50,88.49
31/7/23,LATAM,Android,4904,2639,2267,"1,298",43,65,93.93
31/7/23,LATAM,IOS,2829,1055,1362,876,39,86,104.59
31/7/23,APAC,Android,8449,2514,2949,"1,129",25,80,23.44
31/7/23,APAC,IOS,3068,2624,1734,731,42,110,98.44
1/8/23,US,Android,16096,4161,7342,"5,488",48,78,173.37
1/8/23,US,IOS,3610,3251,1973,"1,394",46,60,69.51
1/8/23,Canada,Android,3739,3164,1208,455,27,786,139.87
1/8/23,Canada,IOS,3567,1487,2129,"1,294",14,94,168.13
1/8/23,EMEA,Android,9037,4028,3171,"1,030",52,31,95.79
1/8/23,EMEA,IOS,7827,5558,2400,"1,788",65,140,105.73
1/8/23,LATAM,Android,3273,1529,1215,417,15,748,49.28
1/8/23,LATAM,IOS,1808,1146,1043,347,12,678,121.83
1/8/23,APAC,Android,6160,5880,3463,"2,334",46,40,119.07
1/8/23,APAC,IOS,4833,4563,2608,"1,175",32,36,135.71
2/8/23,US,Android,5681,4768,3181,"1,040",68,35,122.63
2/8/23,US,IOS,3715,2358,1693,"1,267",23,130,36.95
2/8/23,Canada,Android,11743,8991,5052,"1,806",105,140,73.65
2/8/23,Canada,IOS,6940,5318,3308,"2,390",70,130,123.22
2/8/23,EMEA,Android,11970,7643,4345,"2,755",89,32,93.05
2/8/23,EMEA,IOS,7497,4843,3812,"2,117",39,76,99.67
2/8/23,LATAM,Android,5670,3159,3252,"1,065",27,74,67.64
2/8/23,LATAM,IOS,2698,1611,1404,436,13,767,36.22
2/8/23,APAC,Android,7831,4538,3819,"2,092",27,40,56.85
2/8/23,APAC,IOS,2819,1075,1574,881,39,130,118.45
3/8/23,US,Android,17307,9507,9933,"5,537",131,78,47.78
3/8/23,US,IOS,3877,2004,1854,"1,048",20,118,28.46
3/8/23,Canada,Android,4559,3467,2345,"1,315",48,124,148.96
3/8/23,Canada,IOS,7740,4017,3039,"1,313",60,97,40.37
3/8/23,EMEA,Android,7792,5836,4226,"2,952",74,43,179.5
3/8/23,EMEA,IOS,6581,2940,2071,837,45,86,15.15
3/8/23,LATAM,Android,4717,1601,2123,"1,281",24,52,140.4
3/8/23,LATAM,IOS,3279,2393,1594,"1,055",38,51,65.06
3/8/23,APAC,Android,3107,2728,1074,481,18,812,174.26
3/8/23,APAC,IOS,7578,4956,3420,"1,506",37,38,66.69
4/8/23,US,Android,12164,4953,4631,"1,803",48,57,151.16
4/8/23,US,IOS,9767,7627,5409,"2,068",118,64,19.22
4/8/23,Canada,Android,9326,2658,3103,"1,278",28,109,159.46
4/8/23,Canada,IOS,6786,6154,3634,"1,538",93,126,155.8
4/8/23,EMEA,Android,4918,2354,2428,"1,286",25,36,147.4
4/8/23,EMEA,IOS,5752,1402,1871,"1,136",14,33,148.97
4/8/23,LATAM,Android,4501,2018,2435,"1,811",29,90,126.82
4/8/23,LATAM,IOS,3599,2483,1411,969,31,66,29.55
4/8/23,APAC,Android,4895,1768,2274,876,26,34,114.71
4/8/23,APAC,IOS,6801,5515,3943,"2,840",91,30,125.72
5/8/23,US,Android,14864,13436,5816,"2,109",89,55,68.81
5/8/23,US,IOS,4890,4558,2393,"1,009",59,88,157.47
5/8/23,Canada,Android,7820,6242,2673,815,60,60,24.27
5/8/23,Canada,IOS,3670,1824,1674,834,16,116,98.78
5/8/23,EMEA,Android,5787,1652,2559,"1,287",16,116,83.5
5/8/23,EMEA,IOS,3058,1638,1738,"1,189",24,30,60.68
5/8/23,LATAM,Android,2265,1770,2110,510,19,127,57.83
5/8/23,LATAM,IOS,3957,1932,1429,698,11,73,106.38
5/8/23,APAC,Android,7505,6361,2629,931,87,70,134.26
5/8/23,APAC,IOS,7273,4000,3300,"1,508",26,52,132.32
6/8/23,US,Android,13811,4414,8263,"3,344",24,83,60.29
6/8/23,US,IOS,11976,6252,4819,"2,409",90,107,142.58
6/8/23,Canada,Android,9867,2438,4324,"3,221",34,123,107.8
6/8/23,Canada,IOS,7967,3338,4761,"3,266",38,35,156.7
6/8/23,EMEA,Android,11245,5965,6136,"2,772",46,51,65.79
6/8/23,EMEA,IOS,2096,709,1958,367,41,698,83.87
6/8/23,LATAM,Android,3429,1905,1860,"1,175",31,78,70.99
6/8/23,LATAM,IOS,3128,1421,1239,463,12,794,133.46
6/8/23,APAC,Android,4146,1364,2375,916,41,36,27.85
6/8/23,APAC,IOS,2071,1208,1921,352,16,683,99.44
7/8/23,US,Android,15617,13152,4752,"3,143",143,50,61.89
7/8/23,US,IOS,6580,5740,3463,"1,733",92,61,42.65
7/8/23,Canada,Android,7990,4490,3966,"1,924",66,41,105.26
7/8/23,Canada,IOS,5765,4676,2051,"1,493",35,35,172.35
7/8/23,EMEA,Android,7162,5507,3981,"1,402",72,137,140.98
7/8/23,EMEA,IOS,5110,3096,2266,"1,167",38,66,46.68
7/8/23,LATAM,Android,4121,2325,2158,"1,450",26,85,26.39
7/8/23,LATAM,IOS,1729,805,1916,258,10,589,106.07
7/8/23,APAC,Android,7259,2433,2695,"1,172",18,93,111.77
7/8/23,APAC,IOS,4470,2239,1615,825,33,92,77.41
8/8/23,US,Android,10131,8877,5118,"1,594",80,54,24.2
8/8/23,US,IOS,10433,5211,3762,"2,052",31,118,29.81
8/8/23,Canada,Android,9281,7900,3468,"2,308",76,45,41.68
8/8/23,Canada,IOS,6966,3954,1104,"2,551",26,169,103.2
8/8/23,EMEA,Android,4393,3359,2108,823,29,31,70.91
8/8/23,EMEA,IOS,5002,3008,2369,769,35,102,91.73
8/8/23,LATAM,Android,1799,1562,2016,491,9,822,151.85
8/8/23,LATAM,IOS,3279,1617,1543,992,25,84,134.64
8/8/23,APAC,Android,7330,6237,3945,"2,854",58,48,104.86
8/8/23,APAC,IOS,7078,6005,2232,"1,073",58,120,138.58
9/8/23,US,Android,16332,11201,8142,"3,245",119,78,63.17
9/8/23,US,IOS,5780,1498,1918,"1,034",14,61,85.47
9/8/23,Canada,Android,9929,4525,4574,"2,645",73,40,35.37
9/8/23,Canada,IOS,4827,2648,1480,682,15,34,153.45
9/8/23,EMEA,Android,6299,4859,3664,"1,911",73,119,84.02
9/8/23,EMEA,IOS,6641,3227,2129,"1,498",40,89,153.95
9/8/23,LATAM,Android,3110,2083,1374,941,20,76,155.48
9/8/23,LATAM,IOS,2300,1838,2028,403,27,734,145.19
9/8/23,APAC,Android,3619,2524,1316,419,18,750,131.22
9/8/23,APAC,IOS,2656,1913,1556,971,19,37,30.3
10/8/23,US,Android,4991,1387,1679,732,19,52,24.46
10/8/23,US,IOS,9706,3491,4709,"3,468",33,137,35.03
10/8/23,Canada,Android,8113,5403,4056,"2,355",39,51,82.3
10/8/23,Canada,IOS,2670,902,1452,604,12,37,86.98
10/8/23,EMEA,Android,6387,5469,3459,"1,251",75,71,167.24
10/8/23,EMEA,IOS,6969,3117,3839,"2,642",42,34,166.89
10/8/23,LATAM,Android,4071,1122,1298,579,14,104,44.63
10/8/23,LATAM,IOS,2240,919,2173,320,10,651,154.54
10/8/23,APAC,Android,8708,3312,4620,"1,515",36,52,145.67
10/8/23,APAC,IOS,4480,1245,1502,481,18,812,56.4
11/8/23,US,Android,10865,5683,6065,"2,764",69,64,67.06
11/8/23,US,IOS,10294,9028,4336,"3,239",69,38,157.74
11/8/23,Canada,Android,3565,1586,1977,"1,202",17,43,58.76
11/8/23,Canada,IOS,4336,2033,1374,712,32,83,42.16
11/8/23,EMEA,Android,9867,4142,5482,"3,024",37,105,164.53
11/8/23,EMEA,IOS,2452,2290,1179,396,22,727,155.41
11/8/23,LATAM,Android,5555,1837,2943,"1,421",22,62,46.67
11/8/23,LATAM,IOS,1578,687,2087,449,39,780,64.66
11/8/23,APAC,Android,5294,1860,1920,"1,177",17,30,68.82
11/8/23,APAC,IOS,4656,1964,2580,"1,013",20,115,177.66
12/8/23,US,Android,8740,5655,2712,"1,358",30,81,29.31
12/8/23,US,IOS,9458,5014,4600,"1,630",62,39,138.98
12/8/23,Canada,Android,4599,2719,1517,747,39,102,130.63
12/8/23,Canada,IOS,2489,2253,1984,313,37,644,78.89
12/8/23,EMEA,Android,5641,2180,3247,"1,043",35,38,77.24
12/8/23,EMEA,IOS,5854,4056,3250,"2,058",51,88,68.83
12/8/23,LATAM,Android,2760,1841,2151,384,20,715,24.65
12/8/23,LATAM,IOS,3266,1464,1630,576,14,89,111.25
12/8/23,APAC,Android,6173,4477,2480,"1,632",23,95,82.77
12/8/23,APAC,IOS,6175,2622,2095,"1,380",42,37,176.54
13/8/23,US,Android,12839,7838,5650,"2,609",117,90,88.19
13/8/23,US,IOS,10948,4952,5770,"3,521",52,41,94.29
13/8/23,Canada,Android,7176,2296,3718,"2,577",12,41,107.02
13/8/23,Canada,IOS,6998,5824,2942,"1,548",50,58,46.79
13/8/23,EMEA,Android,5494,3348,3252,"1,270",45,130,69.9
13/8/23,EMEA,IOS,5495,4565,2401,"1,076",23,145,90.96
13/8/23,LATAM,Android,1914,944,2087,311,12,642,45.41
13/8/23,LATAM,IOS,2578,766,2002,304,37,635,85.68
13/8/23,APAC,Android,11332,5088,3780,"2,171",59,85,103.36
13/8/23,APAC,IOS,4199,1766,2404,"1,571",19,76,167.94
14/8/23,US,Android,17222,15676,7994,"5,601",87,68,110.67
14/8/23,US,IOS,11413,10562,5851,"3,303",154,39,28.62
14/8/23,Canada,Android,9952,7618,3176,"1,059",70,46,65.03
14/8/23,Canada,IOS,5247,3952,1981,904,38,34,169.71
14/8/23,EMEA,Android,8217,2512,4833,"2,619",17,43,89.24
14/8/23,EMEA,IOS,7979,6216,4469,"3,263",46,55,81.93
14/8/23,LATAM,Android,5315,1489,1686,"1,147",10,89,104.72
14/8/23,LATAM,IOS,1822,825,2125,328,38,659,43.13
14/8/23,APAC,Android,8040,7114,2990,940,38,38,146.45
14/8/23,APAC,IOS,7470,6149,2744,"1,446",48,33,45.59
15/8/23,US,Android,15651,9515,9235,"5,144",97,48,158.97
15/8/23,US,IOS,11036,9545,5688,"2,659",113,82,58.31
15/8/23,Canada,Android,4464,3858,2634,"1,926",30,38,128.87
15/8/23,Canada,IOS,4524,4234,1793,962,43,30,34.72
15/8/23,EMEA,Android,10908,3023,4536,"2,082",17,143,171.51
15/8/23,EMEA,IOS,4296,1625,2545,"1,234",14,83,177.25
15/8/23,LATAM,Android,3095,1645,1717,810,41,78,25.58
15/8/23,LATAM,IOS,1711,1626,1929,436,13,767,90.95
15/8/23,APAC,Android,6649,6085,2232,739,78,146,117.34
15/8/23,APAC,IOS,4198,3660,2160,912,22,39,50.88
16/8/23,US,Android,14366,4888,8066,"3,938",74,82,26.23
16/8/23,US,IOS,8101,4036,3480,"1,187",33,144,74.35
16/8/23,Canada,Android,6542,2431,3210,"2,397",19,99,69.35
16/8/23,Canada,IOS,6983,6031,2382,"1,639",61,40,134.96
16/8/23,EMEA,Android,11651,9942,3860,"2,146",56,54,80.47
16/8/23,EMEA,IOS,3583,2326,1585,713,19,34,43.74
16/8/23,LATAM,Android,4536,3152,1431,579,35,50,168.39
16/8/23,LATAM,IOS,3137,1891,1184,602,17,49,90.09
16/8/23,APAC,Android,9339,6999,4975,"3,302",44,113,87.38
16/8/23,APAC,IOS,7882,6626,3893,"1,971",78,30,120.43
17/8/23,US,Android,17737,15319,6899,"2,893",166,72,146.18
17/8/23,US,IOS,6821,2143,3046,"1,632",25,50,165.26
17/8/23,Canada,Android,11042,9550,5386,"1,798",140,136,88.4
17/8/23,Canada,IOS,5910,2524,3445,"1,980",24,101,98.65
17/8/23,EMEA,Android,7388,5688,3633,"1,647",47,61,145.2
17/8/23,EMEA,IOS,6926,6303,3526,"2,208",33,129,72.38
17/8/23,LATAM,Android,2748,789,1357,803,11,77,57.09
17/8/23,LATAM,IOS,1589,1424,1496,229,14,560,156.62
17/8/23,APAC,Android,10316,5959,5079,"2,236",94,89,70.81
17/8/23,APAC,IOS,3222,1608,1310,795,17,132,65.64
18/8/23,US,Android,13319,6485,4405,"1,345",83,131,161.99
18/8/23,US,IOS,8447,8006,4737,"2,992",86,50,84.51
18/8/23,Canada,Android,9862,9024,4279,"2,577",82,36,165.33
18/8/23,Canada,IOS,2793,720,1268,726,10,77,105.17
18/8/23,EMEA,Android,9920,7265,5141,"3,554",100,82,24.41
18/8/23,EMEA,IOS,7487,3935,3426,"1,197",25,38,68.91
18/8/23,LATAM,Android,3058,1359,1804,899,23,96,133.08
18/8/23,LATAM,IOS,2887,2096,1171,418,15,749,140.27
18/8/23,APAC,Android,4782,4462,1699,590,55,134,68.18
18/8/23,APAC,IOS,2226,1786,1225,398,24,729,171.8
19/8/23,US,Android,5612,3933,3296,"1,038",34,64,132.52
19/8/23,US,IOS,8728,3462,2744,"1,420",42,80,176.05
19/8/23,Canada,Android,3904,3500,1928,780,23,31,72.88
19/8/23,Canada,IOS,6378,4996,2770,"1,337",43,81,164.51
19/8/23,EMEA,Android,9250,5980,5315,"2,230",47,55,171.3
19/8/23,EMEA,IOS,4868,4347,2874,"1,448",30,51,100.95
19/8/23,LATAM,Android,2478,930,2025,296,41,627,99.69
19/8/23,LATAM,IOS,3318,1134,1636,636,40,53,29.32
19/8/23,APAC,Android,9559,7947,4748,"2,572",72,58,24.02
19/8/23,APAC,IOS,2633,1136,1150,806,39,69,85.09
20/8/23,US,Android,10534,3768,5291,"3,920",49,82,36.75
20/8/23,US,IOS,9117,3993,5079,"3,391",30,77,85.97
20/8/23,Canada,Android,7756,2298,2555,"1,283",27,101,159.33
20/8/23,Canada,IOS,3488,2404,1963,828,25,85,133.97
20/8/23,EMEA,Android,6920,5244,2855,"1,662",28,33,163.19
20/8/23,EMEA,IOS,2030,1440,2185,338,14,669,165.58
20/8/23,LATAM,Android,4424,3673,1608,674,61,57,54.07
20/8/23,LATAM,IOS,1923,1158,1868,485,17,816,136.17
20/8/23,APAC,Android,5804,1812,3162,"1,487",15,43,176.93
20/8/23,APAC,IOS,7087,4326,4052,"1,467",57,92,26.56
21/8/23,US,Android,5227,3730,2802,"1,148",50,30,88.57
21/8/23,US,IOS,3812,2923,1557,913,21,100,103.24
21/8/23,Canada,Android,5695,1508,3176,"1,446",19,48,161.29
21/8/23,Canada,IOS,2813,2123,1612,596,17,58,121.21
21/8/23,EMEA,Android,10174,4174,5298,"2,352",31,49,173.25
21/8/23,EMEA,IOS,4913,4191,2073,"1,333",63,126,171.01
21/8/23,LATAM,Android,3948,2615,1798,545,27,80,39.01
21/8/23,LATAM,IOS,3503,2688,1906,"1,076",21,93,87.63
21/8/23,APAC,Android,9060,7588,3420,"2,360",75,45,23.73
21/8/23,APAC,IOS,6922,2679,2822,"2,111",33,136,108.37
22/8/23,US,Android,5753,4980,1727,980,77,67,28.48
22/8/23,US,IOS,5725,2387,2293,"1,671",37,119,120.12
22/8/23,Canada,Android,6409,2135,2113,"1,226",20,34,51.38
22/8/23,Canada,IOS,2031,1172,1178,848,18,88,28.9
22/8/23,EMEA,Android,9523,8148,4660,"2,897",75,51,43.84
22/8/23,EMEA,IOS,3691,3449,1638,"1,209",29,51,162.26
22/8/23,LATAM,Android,4057,2461,1712,684,13,71,127.98
22/8/23,LATAM,IOS,3697,3138,1155,454,39,785,160.1
22/8/23,APAC,Android,11102,8279,4226,"3,165",70,40,39.19
22/8/23,APAC,IOS,5764,4081,1784,633,56,39,117.92
23/8/23,US,Android,16614,13687,9705,"4,686",132,82,28.31
23/8/23,US,IOS,3624,3238,2105,"1,414",19,42,104.43
23/8/23,Canada,Android,4357,3712,2552,823,31,38,174.21
23/8/23,Canada,IOS,4626,3259,2721,871,17,92,130.72
23/8/23,EMEA,Android,10696,9746,5848,"1,789",124,54,132.76
23/8/23,EMEA,IOS,3653,2632,1935,763,17,34,121.96
23/8/23,LATAM,Android,1745,1499,2055,284,11,615,27.03
23/8/23,LATAM,IOS,2591,1119,2083,505,39,67,90.07
23/8/23,APAC,Android,4069,3514,2037,"1,358",39,36,155.79
23/8/23,APAC,IOS,5497,5131,2910,976,81,39,116.67
24/8/23,US,Android,14345,7120,5309,"3,120",101,48,140.92
24/8/23,US,IOS,10959,3630,5239,"1,871",55,77,140.21
24/8/23,Canada,Android,11034,6669,6409,"3,404",97,60,102.33
24/8/23,Canada,IOS,7797,6633,3443,"1,792",71,132,106.44
24/8/23,EMEA,Android,3658,1755,1726,703,19,120,102.08
24/8/23,EMEA,IOS,7283,2308,4259,"1,862",18,141,88.81
24/8/23,LATAM,Android,5143,1364,2382,"1,306",12,102,125.94
24/8/23,LATAM,IOS,2621,1341,2191,495,11,826,27.64
24/8/23,APAC,Android,5719,1459,3047,"1,378",14,36,166.32
24/8/23,APAC,IOS,6473,1797,2327,"1,613",27,88,85.77
25/8/23,US,Android,11234,10022,3972,"2,073",65,111,170.72
25/8/23,US,IOS,11902,9153,3694,"1,320",80,142,123.72
25/8/23,Canada,Android,5649,1510,2590,"1,012",20,37,179.91
25/8/23,Canada,IOS,3548,3062,1839,647,37,80,48.12
25/8/23,EMEA,Android,5782,3634,1766,611,21,47,33.48
25/8/23,EMEA,IOS,2023,1653,2039,288,17,619,139.83
25/8/23,LATAM,Android,1668,433,2211,378,37,709,23.3
25/8/23,LATAM,IOS,3678,2221,1327,843,29,59,152.95
25/8/23,APAC,Android,5263,4761,2731,"1,911",25,65,48.78
25/8/23,APAC,IOS,4215,1181,1331,774,41,57,41.32
26/8/23,US,Android,5887,3646,2068,804,42,47,97.35
26/8/23,US,IOS,4361,4092,2359,"1,544",21,43,57.38
26/8/23,Canada,Android,9657,7167,5165,"3,728",90,41,38.31
26/8/23,Canada,IOS,6928,3478,4942,"2,581",48,104,101.08
26/8/23,EMEA,Android,5905,1801,2229,"1,007",29,45,127.49
26/8/23,EMEA,IOS,2866,942,1161,752,9,31,100.83
26/8/23,LATAM,Android,5819,2961,3140,"1,941",20,87,77.58
26/8/23,LATAM,IOS,3355,2322,1999,"1,302",15,42,96.39
26/8/23,APAC,Android,3732,2384,1544,"1,049",17,55,84.21
26/8/23,APAC,IOS,6406,4608,2346,"1,474",35,86,115.11
27/8/23,US,Android,8920,3345,2921,"1,608",17,78,70.68
27/8/23,US,IOS,11356,3671,3534,"2,519",35,37,50.55
27/8/23,Canada,Android,8765,5088,3131,"1,590",56,36,176.93
27/8/23,Canada,IOS,6753,3278,3932,"2,366",51,36,105.65
27/8/23,EMEA,Android,3442,3209,1675,960,45,136,151.43
27/8/23,EMEA,IOS,6871,4166,2853,"1,426",24,30,86.3
27/8/23,LATAM,Android,5890,3331,2455,"1,788",22,55,130.23
27/8/23,LATAM,IOS,2498,1229,1292,569,40,43,18.58
27/8/23,APAC,Android,4633,3707,2006,941,35,49,114.18
27/8/23,APAC,IOS,2767,1385,1387,584,15,85,134.38
28/8/23,US,Android,4864,2268,2458,"1,520",14,60,74.3
28/8/23,US,IOS,11782,6580,4650,"2,823",84,33,21.2
28/8/23,Canada,Android,10993,5696,4688,"1,605",46,58,46.34
28/8/23,Canada,IOS,4968,2216,2452,"1,454",17,118,151.17
28/8/23,EMEA,Android,5231,2286,2505,"1,551",38,128,16.67
28/8/23,EMEA,IOS,4046,2629,2389,"1,298",41,35,126.15
28/8/23,LATAM,Android,4061,2336,1791,904,18,73,42.1
28/8/23,LATAM,IOS,1092,309,1742,205,38,536,49.54
28/8/23,APAC,Android,3814,2886,2228,722,34,144,102.46
28/8/23,APAC,IOS,4390,3094,2282,"1,207",48,106,61.16
29/8/23,US,Android,12410,3766,6516,"3,988",37,84,107.64
29/8/23,US,IOS,10158,4848,5659,"3,440",49,128,159.1
29/8/23,Canada,Android,6158,4406,1891,919,49,119,22.88
29/8/23,Canada,IOS,3553,1378,1200,528,10,78,166.04
29/8/23,EMEA,Android,8156,6639,4618,"1,671",54,34,31.98
29/8/23,EMEA,IOS,3614,3333,1375,778,46,39,160.47
29/8/23,LATAM,Android,4211,1239,2104,990,15,96,102.37
29/8/23,LATAM,IOS,2443,1841,1214,472,15,803,174.85
29/8/23,APAC,Android,8591,4728,4134,"1,332",39,50,97.36
29/8/23,APAC,IOS,4787,1808,2019,643,22,57,129.03
30/8/23,US,Android,15701,14493,8532,"2,772",118,75,169.12
30/8/23,US,IOS,6823,5205,2966,"1,953",39,33,167.57
30/8/23,Canada,Android,3214,2210,1687,"1,058",25,34,117.72
30/8/23,Canada,IOS,6948,6522,2644,"1,379",41,110,60.7
30/8/23,EMEA,Android,8978,4087,3280,"2,410",40,74,82.87
30/8/23,EMEA,IOS,7686,3072,2770,931,43,88,20.93
30/8/23,LATAM,Android,3968,3259,2280,"1,560",46,133,144.17
30/8/23,LATAM,IOS,6922,2765,4626,"2,949",55,192,176.83
30/8/23,APAC,Android,11646,8976,5142,"3,763",111,47,179.76
30/8/23,APAC,IOS,6472,4980,2639,"1,811",30,121,167.82
31/8/23,US,Android,5015,1999,2810,"1,475",32,35,115.15
31/8/23,US,IOS,4033,3786,1617,863,44,39,107.26
31/8/23,Canada,Android,9520,3934,4998,"2,213",54,91,57.69
31/8/23,Canada,IOS,5267,3968,1664,"1,064",37,33,112.95
31/8/23,EMEA,Android,8834,3289,3061,"1,409",39,36,123.24
31/8/23,EMEA,IOS,3634,1972,1097,368,23,699,175.84
31/8/23,LATAM,Android,3885,1100,2244,"1,181",10,50,137.03
31/8/23,LATAM,IOS,3789,2279,1523,950,23,70,145.43
31/8/23,APAC,Android,8759,3220,4247,"2,197",42,35,34.39
31/8/23,APAC,IOS,7387,5863,3205,"1,756",91,121,100.82