Product ID,Sales Date,Inventory Quantity,Product Cost,Product Category,Promotions,GDP,Inflation Rate,Seasonal Factor
1387,13/09/2021,25,85.71,SmartPhones,Yes,24668.89,2.12,1.06
7548,23/10/2021,69,72.92,Electronics,Yes,23770.38,2.04,1.03
5349,20/03/2018,14,123.35,SmartPhones,No,19363.94,4.94,0.85
4114,06/06/2019,6,144.67,Electronics,Yes,18642.21,1.28,1.07
6409,30/06/2021,41,136.04,Electronics,No,20071.23,3.67,0.93
5844,09/02/2021,17,46.45,Laptops,Yes,21155.15,2.2,1.02
1006,15/09/2019,37,49.93,SmartPhones,No,19417.86,3.7,1
3780,11/09/2021,11,63.92,SmartPhones,Yes,23184.23,4,1.07
4680,10/07/2022,26,38,Electronics,Yes,24839.36,3.45,1.11
8461,28/04/2020,81,119.38,Laptops,No,18996.53,1.59,1.08
2746,14/05/2022,55,51.58,Laptops,Yes,20574.06,4.67,0.85
3184,30/06/2022,60,136.84,SmartPhones,No,21126.52,3.88,1
9976,02/07/2020,21,151.29,Laptops,No,17591.92,1.99,1.06
9540,19/09/2020,81,55.46,Laptops,Yes,22135.45,1.94,0.93
9849,15/06/2018,18,38.66,Laptops,Yes,22064.19,1.26,0.96
9890,12/08/2020,54,21.83,Laptops,No,24048.38,3.34,1.08
7232,03/09/2020,1,189.12,SmartPhones,No,23534.48,4.81,0.97
9947,27/06/2022,78,180.58,Laptops,Yes,17729.35,2.94,0.96
7624,23/01/2022,22,169.7,Home_Appliances,Yes,24069.29,3.37,1.07
2375,09/08/2021,55,35.78,Laptops,Yes,15502.85,2.52,0.88
6355,23/11/2019,98,177.13,SmartPhones,No,17522.72,1.33,0.81
9837,17/04/2018,45,52.6,Electronics,Yes,22542.33,4.8,0.88
1333,26/06/2021,20,55.32,Laptops,Yes,20639.7,1.87,1.08
7043,10/12/2018,78,125.38,Electronics,Yes,24647.21,1.43,0.81
6111,25/03/2021,87,182.52,Laptops,No,24414.71,1.79,1.04
4978,28/07/2018,90,156.77,Electronics,Yes,18472.04,2.71,0.95
9289,19/08/2021,44,12.4,Laptops,No,16055.39,4.84,1.05
8532,19/12/2021,20,92.74,SmartPhones,No,19648.74,4.3,1.04
6280,11/10/2022,32,167.84,Electronics,No,23816.31,1.98,0.99
7209,20/11/2019,4,103.92,SmartPhones,Yes,19875.5,2.42,0.9
5581,08/12/2022,77,143.22,SmartPhones,Yes,20166.27,1.76,0.9
7658,27/09/2020,72,154.05,Laptops,No,19481.75,1.07,0.92
7625,17/11/2021,32,68.18,SmartPhones,No,20534.73,2.38,1.2
6419,22/12/2019,90,96.21,SmartPhones,No,17305.38,3.89,0.93
9779,10/04/2022,89,45.18,Home_Appliances,No,17765,3.36,1.1
5636,25/07/2018,25,66.29,SmartPhones,Yes,18022.68,3.83,0.85
1745,22/04/2018,71,65.51,Home_Appliances,No,16025.88,1.05,0.91
8843,21/06/2020,44,45.03,Electronics,No,24410.64,2.91,1.13
7565,04/10/2020,10,119.63,Electronics,Yes,16491.98,3.25,0.92
5066,31/08/2018,72,155.24,Home_Appliances,No,19505.14,2.77,1.14
8025,18/09/2019,73,128,Electronics,Yes,21255.15,2.06,0.83
4929,22/12/2018,71,24.26,Electronics,No,19505.04,3.38,0.92
4792,14/08/2019,91,63.72,Laptops,Yes,21873.85,4.7,1.12
4241,20/05/2020,15,113.47,Home_Appliances,No,23266.31,1.29,0.87
6039,03/05/2021,96,166.61,SmartPhones,No,16243.54,3.75,1.08
5460,21/10/2020,70,103.82,Electronics,Yes,23894.23,3.94,1.04
1423,07/07/2018,30,192.76,Electronics,No,20762.47,4.05,0.87
9502,27/08/2021,57,184.05,Home_Appliances,No,21347.85,2.97,0.84
6700,16/04/2020,43,71,Electronics,Yes,18298.04,3.77,0.92
7561,25/07/2022,98,114.52,Laptops,Yes,18145.17,2.29,1.19
7622,07/11/2022,66,166.74,Electronics,No,19132.48,1.75,0.94
9167,04/07/2021,57,154.4,Home_Appliances,No,20492.2,4.71,0.98
8941,06/09/2018,4,194.9,Home_Appliances,Yes,18107.5,1.05,0.96
4681,20/09/2022,15,97.68,Electronics,Yes,19983.76,3.87,1
5479,30/04/2020,62,196.25,Home_Appliances,No,20512.65,2.53,1.17
9327,09/03/2022,18,174.17,SmartPhones,No,18398.75,4.15,0.91
1042,03/08/2019,93,66.73,Laptops,Yes,19465.47,2.94,0.93
9903,12/02/2020,59,187.24,Home_Appliances,Yes,20717.98,1.93,1.11
1715,14/10/2019,96,99.87,Laptops,No,24884.14,4.17,1.06
3492,11/10/2020,5,33.99,SmartPhones,Yes,23741.9,2.76,1.01
8486,01/02/2018,93,37.39,Home_Appliances,Yes,19694.91,4.88,0.94
7512,23/08/2021,11,171.84,Laptops,No,21267.99,4.55,1
9864,15/03/2018,80,23,SmartPhones,Yes,22467.66,2.74,0.84
2646,27/06/2020,22,141.86,Electronics,Yes,18243.75,1.22,0.94
8056,26/10/2018,32,110.92,Home_Appliances,Yes,16750.69,3.44,0.95
4945,16/10/2020,75,37.19,Laptops,No,19595.7,3.67,1.16
8622,13/08/2019,87,113.85,Electronics,No,24452.36,4.95,0.92
7951,14/11/2021,33,96.8,SmartPhones,Yes,24993.74,4.41,0.84
7248,17/03/2021,46,119.21,SmartPhones,Yes,24779.44,3.63,0.91
1803,26/05/2021,96,104.38,SmartPhones,Yes,21070.65,2.41,1.05
5106,20/10/2021,97,146.98,Home_Appliances,Yes,24034.04,3.59,0.92
8222,10/03/2018,75,79.32,Home_Appliances,Yes,24096.28,2.31,0.97
4289,28/09/2018,70,176.53,SmartPhones,No,23304.73,2.03,1.13
8894,10/07/2022,38,151.85,SmartPhones,Yes,19683.31,1.3,1.1
4696,28/10/2022,87,147.6,Laptops,No,15903.03,2.58,0.91
3024,20/07/2020,48,137.84,SmartPhones,No,23224.17,4.76,0.84
4830,23/08/2020,4,127.71,SmartPhones,Yes,21476.52,3.54,0.99
5951,22/08/2021,53,32.17,Electronics,Yes,18043.65,2.97,0.84
9807,05/10/2018,50,96.19,Laptops,Yes,23854.14,3.62,1.13
7686,27/07/2019,5,141.15,Home_Appliances,No,19446.96,1.94,0.95
7018,20/01/2021,83,78.15,Laptops,No,16898.09,1.49,1.14
8450,07/07/2018,85,50.3,Electronics,Yes,22867.95,1.97,0.85
4362,21/05/2018,98,115.3,Home_Appliances,Yes,18285.6,1.59,1.16
1046,22/07/2019,19,197.63,SmartPhones,Yes,16099.26,4.47,0.85
6869,06/06/2022,31,121.88,Electronics,Yes,17653.68,1.51,0.97
2862,08/03/2022,9,100.49,SmartPhones,Yes,19520.05,1.89,1.05
9543,10/09/2019,59,132.23,Electronics,Yes,24985.87,4.39,0.97
2768,01/10/2020,92,182.84,Electronics,Yes,18221.12,1.59,0.85
9984,29/12/2021,42,82.37,SmartPhones,No,20055.51,2.72,1.12
2874,13/10/2022,84,133.67,Home_Appliances,No,19515.55,1.91,0.94
8430,27/03/2020,54,148.63,SmartPhones,No,18125.24,2.02,1.18
8770,18/05/2018,12,168.04,Electronics,No,15965.64,3.96,1.12
1982,16/04/2021,72,116.72,Electronics,No,18535.98,3.66,1.1
1842,13/08/2019,77,69.37,Electronics,Yes,16547.3,2.93,1.14
6736,28/09/2022,72,79.84,SmartPhones,Yes,23072.21,4.38,1.19
1430,01/06/2021,85,167.6,SmartPhones,Yes,16804.16,3.81,0.92
6567,20/12/2019,1,44.47,Home_Appliances,No,15695.85,3.96,1.19
2503,09/03/2022,68,50.88,Laptops,No,18408.96,2.48,1.09
2391,15/12/2022,7,39.56,Electronics,Yes,17721.03,3.65,0.99
8242,28/04/2020,35,50.96,Electronics,No,19299.14,2.13,1.07
8972,15/12/2020,86,68.6,Home_Appliances,No,24844.46,1.22,0.88
4460,21/04/2022,18,155.19,SmartPhones,No,16199.84,2.99,0.97
3116,18/02/2020,69,143.7,SmartPhones,Yes,18970.71,3.97,0.97
8532,09/06/2018,41,119.39,Laptops,No,17895.15,2.62,1.19
3815,30/06/2022,80,97.42,SmartPhones,Yes,19367.12,1.42,0.97
7560,09/12/2020,11,85.2,SmartPhones,No,17215.72,4.12,0.83
2868,22/12/2020,66,46.84,SmartPhones,No,22273.79,4.28,1.13
4871,30/07/2018,19,58.63,Home_Appliances,Yes,22602.15,3.62,0.87
9095,08/08/2020,97,117.11,Laptops,No,23642.47,3.51,0.86
2118,18/08/2020,57,129.96,SmartPhones,Yes,18519.42,1.3,0.98
1616,27/04/2018,48,168.02,Electronics,Yes,21150.08,3.03,0.99
1672,10/07/2020,74,133.85,SmartPhones,No,20013.67,4.83,0.98
6626,02/01/2022,11,105.86,Home_Appliances,Yes,17477.44,2.75,0.98
9564,02/06/2021,21,79.14,SmartPhones,No,19087.69,2.35,1.04
6482,15/05/2018,43,27.96,Laptops,No,17519.96,4.41,1.19
3463,14/11/2019,11,120.72,Home_Appliances,No,18102.32,3.62,1.06
3112,03/05/2021,91,188.22,SmartPhones,No,21434.93,2.31,0.85
9624,11/07/2018,83,137.39,SmartPhones,Yes,18625.98,1.72,0.89
8967,29/01/2019,29,200,Home_Appliances,Yes,17957.92,4.15,1
9843,07/09/2022,95,177.9,Electronics,No,23763.93,3.47,1.04
3527,29/11/2018,24,167.96,Home_Appliances,No,15436.92,2.46,1.09
8277,04/06/2021,37,152.95,Laptops,Yes,20340.11,2.24,1.12
8684,07/09/2022,25,79.89,Laptops,No,22694.39,4.11,1
7859,28/11/2018,26,162.24,Home_Appliances,No,15521.8,2.92,0.95
2680,27/12/2021,67,171.72,SmartPhones,Yes,22631.17,2.09,1.16
3414,29/08/2022,56,27.43,Home_Appliances,No,23846.3,4.72,0.97
7495,25/10/2020,48,54.8,Electronics,No,17245.39,2.27,0.84
6493,09/06/2022,19,36.14,SmartPhones,No,21960.72,1.56,1.08
8349,14/06/2021,1,182.11,Electronics,No,17156.55,1.6,1.18
9647,16/05/2020,15,157.47,Home_Appliances,No,16218.48,1.95,1.06
8489,09/05/2018,15,168.97,Laptops,Yes,21319.55,3.3,1.09
5772,29/05/2020,1,126.81,Home_Appliances,No,16873.14,3.67,1.01
6908,19/05/2018,68,113.38,Electronics,No,23733.31,1.17,0.95
7116,04/06/2019,96,13.09,Electronics,No,17411.26,3.63,0.84
6447,01/10/2018,6,76.94,SmartPhones,Yes,23303.84,3.74,1.19
8840,17/07/2021,24,164.18,Electronics,No,15369.84,1.81,1.12
1686,09/10/2019,40,107.92,Laptops,No,15366.21,3.59,0.91
1783,09/11/2022,84,73.07,Electronics,No,19369.51,2.6,0.98
7334,26/11/2019,24,104.28,Laptops,No,24243.1,3.08,1.12
7955,11/06/2018,56,124.47,Home_Appliances,No,18212.11,1.32,1.06
6021,02/07/2020,78,146.36,Home_Appliances,No,18515.47,1.17,1.15
6776,13/06/2021,56,62.17,Electronics,Yes,21711.84,2.62,1.01
3621,05/03/2018,19,171.25,Laptops,Yes,16262.3,1.94,1.06
6933,24/02/2020,73,16.15,Home_Appliances,No,24488.24,2.49,1.11
3255,20/12/2020,47,85.63,SmartPhones,Yes,24605.2,1.1,0.87
9482,03/03/2020,72,32.37,SmartPhones,No,17145.7,3.45,1.08
9047,14/02/2019,16,35.79,Electronics,No,16726.56,3.85,1.2
6236,29/09/2021,45,144.81,SmartPhones,No,23513.62,3.85,1.17
3852,14/06/2022,47,106.66,Electronics,Yes,22920.66,1.95,1
6912,08/02/2021,74,80.09,Home_Appliances,Yes,15657.48,2.59,1.09
8842,12/12/2020,53,156.14,Electronics,Yes,24723.8,3.57,0.98
9476,07/12/2019,17,176.81,Home_Appliances,Yes,19326.18,4.64,0.82
3034,27/11/2020,20,67.78,Home_Appliances,No,24347.38,1.9,1.18
9501,05/08/2019,11,57.62,SmartPhones,Yes,21250.22,3.46,0.84
3762,27/04/2021,75,39.3,SmartPhones,Yes,23252.36,1.11,0.82
5336,26/08/2021,27,155.72,Laptops,Yes,19980.38,3.51,0.92
5949,16/09/2020,32,162.89,Laptops,No,19535.44,3.75,0.86
7809,18/09/2020,60,48.76,Home_Appliances,No,23614.85,2.28,1.2
6658,27/03/2020,17,154.53,Electronics,No,17417.38,1.49,0.98
3308,18/07/2018,7,65.14,Laptops,No,17482.7,4.46,0.86
6364,29/03/2021,93,69.42,Home_Appliances,No,24959.69,2.87,1.15
9148,17/02/2018,12,189.59,Laptops,Yes,17151.44,2.41,0.82
9108,08/05/2021,84,137.78,SmartPhones,Yes,23471.72,2.72,1.15
6992,14/04/2022,52,79.53,Laptops,Yes,20702.82,1.78,1.02
2204,02/03/2020,65,95.57,SmartPhones,Yes,16286.63,1.39,0.95
6555,16/02/2021,47,153.44,Home_Appliances,No,20000.78,1.18,0.85
6456,05/07/2022,61,108.67,Home_Appliances,Yes,18279.66,3.45,0.87
5902,30/04/2021,44,106.39,Laptops,No,19748.93,1.07,0.93
2795,03/05/2020,75,68.46,Electronics,No,17655.3,3.62,1.19
4728,17/01/2022,7,120.87,Home_Appliances,No,16477.76,3.72,0.81
2800,26/01/2019,3,93.8,Laptops,Yes,19129.6,1.82,1
8726,23/11/2022,95,148.21,Home_Appliances,Yes,20608.87,4.99,0.99
7173,05/10/2019,23,97.34,SmartPhones,No,21758.69,4.47,1.07
5331,03/06/2021,62,46.53,Home_Appliances,No,20580.87,1.9,1.19
5876,29/04/2022,37,143.93,Laptops,No,19798.03,3.24,1.17
5480,13/08/2019,16,118.96,Laptops,No,23183.77,4.82,1.12
5758,28/03/2018,37,191.51,Electronics,No,24240.1,3.62,1.1
4505,18/02/2019,69,61.52,SmartPhones,Yes,16092.27,3.96,0.9
1831,03/10/2021,68,52.88,Home_Appliances,Yes,16001.98,2.32,0.99
3252,11/01/2018,71,195.8,Home_Appliances,No,21528.93,4.52,0.99
4267,29/03/2022,37,71.02,Electronics,Yes,21522.99,1.93,1.1
1611,25/12/2018,54,177.63,Home_Appliances,Yes,24971.72,2.59,1
5742,01/12/2022,5,11.76,Electronics,No,17845.62,4.96,1.02
9092,27/12/2022,18,171.7,Laptops,No,16928.11,1.45,0.86
8518,20/08/2021,33,146.53,Electronics,No,22907.68,3.27,1.1
3875,05/06/2021,82,180.44,Laptops,No,15867.38,3.68,0.87
3303,04/09/2020,42,187.81,Electronics,No,18835.74,2.79,0.91
6400,11/09/2019,75,147.35,Electronics,No,21536.83,3.77,0.82
2936,11/08/2020,40,40.35,SmartPhones,Yes,21387.11,4.76,0.95
4618,25/03/2019,18,100.85,Laptops,No,19158.46,3.2,0.99
9806,01/07/2022,86,166.86,Home_Appliances,Yes,20255.07,3.11,0.94
2838,07/05/2018,71,181.55,Home_Appliances,Yes,16645.37,4.42,0.98
4365,08/01/2022,75,102.88,Laptops,Yes,19534.32,3.05,0.98
1945,18/02/2021,60,137.83,SmartPhones,Yes,18959.49,4.27,1.1
2196,03/04/2018,55,75.46,Electronics,Yes,24345.83,1.28,1.17
1519,11/08/2019,53,44.2,Home_Appliances,No,18744.61,4.57,0.98
7184,09/02/2020,11,139.72,Home_Appliances,No,16186.33,4.97,0.96
3086,30/01/2022,29,168.62,Electronics,No,19630.04,3.88,0.97
7214,14/08/2022,30,57.03,SmartPhones,Yes,17756.5,4.75,1.09
2848,07/03/2018,85,89.66,Electronics,Yes,17060.82,1.4,0.81
1797,17/05/2019,95,18.4,Laptops,Yes,20397.6,4.02,1.11
3295,28/10/2020,38,54.49,SmartPhones,No,17369.04,4.51,1.19
9540,29/03/2019,53,67.1,Electronics,Yes,21259.93,2.71,1
6642,10/08/2021,86,82.42,SmartPhones,No,19082.59,2.2,0.87
9813,27/08/2020,31,171.37,SmartPhones,Yes,23057.76,4.66,1.02
7824,15/02/2021,68,35.48,Home_Appliances,No,17033.37,3.59,1.17
7079,09/07/2018,69,147.67,Home_Appliances,Yes,17684.62,3.69,1.04
2192,21/01/2019,98,121.64,Home_Appliances,No,17088.89,4.63,0.92
1251,10/03/2019,25,192.79,Electronics,No,24144.41,3.78,1.08
7498,06/05/2019,71,71.11,SmartPhones,No,19662.5,3.59,0.92
6892,16/11/2020,64,98.54,Laptops,No,24143.3,2.48,0.97
4625,27/02/2022,19,13.08,Laptops,No,16524.11,2.32,0.95
5026,19/10/2020,71,134.38,SmartPhones,No,22633.61,2.95,1.09
9037,01/08/2020,22,149.23,SmartPhones,Yes,16399.59,3.19,0.87
9882,07/08/2021,8,109.55,Electronics,Yes,22643.39,2.65,1.14
4791,20/05/2018,91,38.7,Home_Appliances,No,18732.01,3.47,1.07
8916,12/09/2021,63,12.99,Laptops,Yes,15167.26,3.89,1.01
5697,05/02/2018,65,164.5,Laptops,Yes,16070.16,1.39,0.86
4144,23/06/2021,68,57.96,SmartPhones,No,22949.36,1.32,1.18
8520,03/03/2021,32,198.14,Home_Appliances,No,21840.42,4.39,1.06
1519,11/07/2018,52,82.06,Laptops,Yes,21367.48,3.81,0.83
8109,13/08/2021,43,117.51,Electronics,Yes,17297.66,4.61,1.08
8790,10/07/2019,6,185.59,SmartPhones,Yes,16793.55,4.4,0.81
4394,17/04/2021,19,152.93,Laptops,Yes,17992.77,3.26,1.03
7375,18/10/2021,70,73.03,Home_Appliances,Yes,20007.93,4.9,0.82
8161,21/04/2019,10,74.71,Laptops,No,15296.26,2.09,1.2
9038,13/04/2019,46,115.08,Laptops,No,16857.38,3.34,0.95
5839,23/06/2022,32,145.49,Electronics,No,16542.21,3.85,1.05
7383,11/10/2019,47,30.24,Electronics,No,19447.36,4.05,0.84
2430,19/01/2019,56,95.28,Laptops,Yes,15262.62,2.42,0.84
6315,04/11/2022,50,12.34,Laptops,No,22791.69,3.9,1.02
4977,17/03/2021,67,42.22,Laptops,Yes,16388.4,2.2,1
2036,09/12/2018,56,62.43,SmartPhones,No,22826.67,2.44,1.18
9123,01/05/2021,79,47.15,Electronics,Yes,18046.58,4.8,0.93
7224,05/07/2022,43,93.64,Laptops,Yes,18004.35,3.41,1.08
8848,06/10/2019,23,193.27,SmartPhones,No,22348.74,3.53,1.19
4971,30/10/2019,49,63.26,Laptops,No,16138.88,3.26,1.04
9939,04/01/2019,88,155.85,Electronics,No,24429.75,1.84,1.12
2133,05/08/2022,53,137.87,Home_Appliances,No,17420.21,3.63,1.09
7176,01/06/2018,58,198.23,Laptops,No,20343.67,4.69,1.15
7853,18/01/2021,5,160.24,SmartPhones,Yes,16093.69,1.99,1.07
3725,18/08/2021,79,18.42,Laptops,No,24657.17,2.72,0.8
5239,31/03/2019,66,151.9,Home_Appliances,No,18741.2,2.85,1.07
9199,05/11/2018,45,199.56,Laptops,Yes,17954.32,4.68,0.83
3321,15/12/2019,40,75.18,Home_Appliances,No,18483,1.39,1.09
8412,16/10/2019,9,67.05,Electronics,Yes,23491.8,3.59,1.07
3692,25/02/2022,32,108.04,Home_Appliances,No,20598.49,4.83,0.89
7636,13/07/2021,24,45.41,Laptops,No,15291.92,3.46,0.88
8037,07/03/2020,1,143.9,Home_Appliances,No,22523.25,4.23,0.83
2667,26/06/2022,69,45.52,SmartPhones,Yes,19575.5,2.05,1.15
9646,01/08/2021,41,123.42,Laptops,Yes,18479.25,4.38,1.05
5873,12/06/2021,76,26.1,Home_Appliances,No,16178.62,2.22,0.87
3316,12/11/2020,50,89.47,Home_Appliances,No,19230.39,2.95,1.01
3838,10/02/2021,22,103.03,Home_Appliances,Yes,18145.8,2.8,0.82
6882,20/01/2018,63,35.94,Laptops,No,19091.34,2.97,1.08
8272,27/09/2020,22,25.71,Electronics,Yes,17920.9,2.1,1.02
3755,18/05/2022,59,117.47,Laptops,Yes,20727.14,2.07,1.02
7010,15/01/2021,97,17.91,Laptops,Yes,24897.76,1.41,1.13
5055,02/09/2019,5,95.45,SmartPhones,Yes,19390.7,4.98,1.11
4882,06/03/2019,95,121.71,SmartPhones,No,16659.82,1.56,0.88
4390,08/07/2022,8,118.31,SmartPhones,Yes,18236.54,3.82,0.92
5380,24/10/2022,66,197.24,Electronics,Yes,24627.72,4.14,1.17
5543,11/11/2022,84,34.11,Home_Appliances,Yes,16462.43,2.29,0.9
7434,29/09/2020,19,119.71,SmartPhones,No,18751.72,1.3,1.12
2525,05/04/2020,66,152.46,SmartPhones,No,24502.54,2.31,0.8
2526,05/02/2022,59,130.62,SmartPhones,Yes,22956.78,2.59,1.19
4470,10/10/2020,35,71.34,SmartPhones,No,20473.11,1.52,1.14
6631,29/10/2021,98,19.2,Electronics,No,15162.81,4.72,0.86
8479,02/01/2018,55,48.44,Home_Appliances,No,16589.77,4.73,0.91
6905,28/05/2019,11,80.65,Home_Appliances,Yes,18963.42,2.22,1.08
4836,29/05/2020,84,27.33,Electronics,Yes,17134.21,1.31,1.04
9510,24/10/2021,57,11.76,SmartPhones,Yes,24881.55,2.69,0.85
2160,14/04/2019,50,26.97,Electronics,Yes,18133.51,4.52,0.85
3181,06/08/2021,87,37.14,Electronics,Yes,19400.99,3.89,1.05
3480,23/04/2020,79,140.45,Home_Appliances,Yes,23965.93,1.56,0.85
7291,21/12/2019,55,69.76,Home_Appliances,Yes,17769.68,1.34,1.02
5668,15/05/2022,89,15.1,SmartPhones,Yes,20177.49,3.04,1.1
5842,16/08/2021,7,158.92,Home_Appliances,No,18858.86,1.96,1.06
2163,17/12/2020,2,197.51,SmartPhones,Yes,18868.38,4.36,0.97
9951,30/10/2021,23,154.92,Electronics,Yes,20873.63,1.06,0.89
1990,05/06/2022,51,106.26,Laptops,No,22018.11,1.33,1.01
3501,23/07/2019,11,68.88,Home_Appliances,Yes,20363.9,2.56,1.05
2083,28/09/2019,90,93.12,Home_Appliances,Yes,17444.8,4.7,0.85
1901,26/09/2019,86,150.92,Home_Appliances,Yes,15126.65,1.55,0.8
9133,12/12/2019,67,108.27,SmartPhones,Yes,18718.69,4,1.15
2934,29/04/2022,4,73.65,Laptops,No,20238.54,2.05,1.19
2262,13/10/2020,59,107.05,Electronics,No,23593.6,1.67,0.86
2685,21/03/2021,87,147.33,Home_Appliances,Yes,15440.38,4.45,0.9
8729,16/01/2020,50,184.84,Home_Appliances,Yes,20528.65,4.66,1.1
7870,05/04/2019,42,57.17,SmartPhones,No,23259.97,3.29,0.85
1862,03/01/2019,29,162.82,Electronics,No,15689.26,2.86,0.91
6090,02/11/2019,12,115.09,Electronics,No,17006.71,3.26,0.92
4974,08/08/2020,48,122.42,Laptops,Yes,22324.63,3.19,1.12
3466,14/01/2018,53,14.54,SmartPhones,Yes,24509.9,1.01,1.06
6038,01/08/2018,27,110.66,Home_Appliances,No,19920.29,1.24,1.2
5584,10/07/2018,6,185.04,Laptops,No,19584.58,3.99,1.03
9280,01/10/2018,82,165.79,Electronics,Yes,19349.83,4.86,0.89
5276,09/10/2022,41,185.95,Laptops,No,18180.58,2.09,0.83
4321,06/10/2018,100,156.33,Electronics,Yes,16056.58,2.8,0.93
2978,02/01/2021,46,193.28,Home_Appliances,No,18083.08,2.06,0.85
3582,12/07/2022,88,67.8,Electronics,Yes,23359.25,2.31,0.84
5066,30/12/2019,51,107.56,SmartPhones,No,23200.9,1.7,1.18
8408,12/02/2021,96,114.52,Electronics,No,16019.07,4.18,0.85
2010,28/08/2022,100,196.69,Home_Appliances,Yes,23236.73,2.49,1.05
2376,07/04/2021,76,59.18,Electronics,Yes,24971.61,1.79,1.06
3110,08/07/2018,43,33.28,Laptops,Yes,16679.89,3.3,1.13
7471,13/10/2020,4,82.72,Laptops,Yes,18539.43,4.63,0.91
8307,15/12/2022,20,16.58,Home_Appliances,No,19988.92,4.53,0.99
2437,27/07/2019,50,36.07,Home_Appliances,Yes,21307.54,4.21,1.12
7266,21/05/2022,92,78.23,Laptops,No,24126.77,3.01,0.96
3946,23/02/2018,41,123.45,Electronics,No,15585.91,4.97,1.01
4813,23/11/2018,13,57.09,Home_Appliances,No,20336.9,4.16,1.09
4594,25/03/2021,50,77.41,Home_Appliances,Yes,17365.51,2.27,1.1
6878,26/04/2021,4,143.66,SmartPhones,Yes,20631.09,1.75,1.2
9064,15/01/2021,40,43.36,Electronics,Yes,15561.68,3.41,0.81
8831,02/01/2018,43,184.4,Home_Appliances,Yes,18407.59,1.71,1.12
6301,02/05/2018,3,38.07,Home_Appliances,Yes,23464.81,4.44,1.18
7120,13/12/2021,85,85.16,Electronics,No,18017.65,1.55,0.86
8157,10/06/2022,82,192.53,SmartPhones,Yes,22071.83,3.25,1.16
6846,03/04/2019,86,121.9,Home_Appliances,No,18068.23,3.75,0.85
1029,08/12/2021,74,84.4,Electronics,Yes,21023.89,4.68,1.19
4619,02/08/2021,73,29.78,Laptops,Yes,18311.68,1.31,0.94
6234,10/12/2018,82,178.21,Electronics,No,19466.3,2.06,0.9
2110,19/12/2019,33,159.53,Electronics,Yes,18859.37,3.93,1.19
7783,06/10/2020,49,76.73,Laptops,Yes,23288.07,4.15,1.03
4695,30/11/2018,58,24,Electronics,No,15200.78,2.04,0.84
6600,15/12/2018,49,40.57,Electronics,Yes,18379.51,4.94,1.16
1507,02/06/2020,84,41.35,Laptops,Yes,15535.56,2.32,1.19
7705,28/11/2021,71,147.19,SmartPhones,No,17974.01,1.38,0.96
9043,11/11/2018,7,78.56,Laptops,Yes,17945.49,3.65,1.04
4271,18/07/2018,4,49.32,SmartPhones,Yes,19735.71,1.46,1.11
8715,28/09/2020,85,60.35,Laptops,Yes,18710.21,2.53,0.87
1731,24/06/2019,57,98.36,Home_Appliances,No,20642.47,1.6,1.08
2584,25/06/2018,86,75.32,Laptops,Yes,20536.02,4.36,1.13
7858,01/01/2021,88,174.71,Laptops,Yes,19762.62,1.32,1.16
1568,25/10/2020,74,181.09,Home_Appliances,Yes,24492.55,2.8,1.18
3738,10/03/2019,25,33.98,Laptops,Yes,24882.8,2.74,1.2
3422,05/09/2022,77,59,Electronics,Yes,18880.99,2.59,0.93
5525,30/11/2020,59,184.26,Electronics,No,16125.19,1.6,1.03
2641,05/08/2018,73,158.11,SmartPhones,No,23778.94,2.06,1.06
8750,18/03/2018,23,62.33,Home_Appliances,No,15387.83,4.56,0.93
4892,11/04/2018,96,100.29,SmartPhones,No,15202.33,4.27,0.92
5593,23/09/2022,63,173.06,Electronics,Yes,16343.86,4.9,0.98
6257,06/07/2019,94,89.19,Electronics,Yes,19417.17,4.65,0.96
8937,05/04/2022,67,174.77,Electronics,Yes,15656.17,3.84,0.96
9589,06/12/2022,73,15.5,Home_Appliances,Yes,23369.77,2,0.98
6904,14/12/2021,26,62.06,Laptops,No,21354.1,1.5,0.81
7102,28/09/2020,77,94.76,Laptops,No,18442.49,4.35,0.9
2480,07/08/2019,4,83.45,Home_Appliances,Yes,23571.11,3.59,1.07
5408,27/08/2021,53,107.52,Electronics,No,24115.15,3.59,1.04
1138,04/04/2019,33,125.59,SmartPhones,No,19238.07,2.51,0.94
5128,23/03/2019,60,67.41,Laptops,Yes,15073.48,5,1.19
7131,23/02/2021,83,122.82,SmartPhones,No,21844.13,2.93,0.93
5529,04/08/2021,42,173.68,SmartPhones,No,16883.6,3.07,0.9
1930,08/07/2022,77,86.78,SmartPhones,Yes,22212.83,3.62,1.2
5250,07/05/2020,52,83.77,Electronics,Yes,18431.67,3.85,1.07
8794,07/10/2021,46,106.39,Home_Appliances,Yes,17937.84,2.88,1.1
3999,24/10/2021,43,134.34,Home_Appliances,No,17233.28,4.49,0.97
6428,01/02/2020,34,121.26,Laptops,Yes,19705.37,4.47,1.03
2166,25/08/2020,25,105.09,Laptops,No,19131.07,4.48,0.86
4281,03/12/2019,53,197.57,Laptops,Yes,18163.83,3.86,1.11
8988,13/11/2019,81,197.46,SmartPhones,Yes,15047.14,2.09,1.1
3762,26/03/2021,98,40.1,Electronics,Yes,21144.8,3.53,0.96
8821,25/02/2020,1,17.17,Home_Appliances,No,24500.69,4.57,1.1
9700,26/01/2019,3,138.58,Home_Appliances,Yes,21935.25,2.38,0.85
7284,27/10/2020,76,68.16,Electronics,Yes,17982.02,2.16,1.09
9587,23/11/2019,56,178.72,Home_Appliances,No,24961.39,2.96,1.1
3701,21/07/2022,52,13.63,Home_Appliances,Yes,17111.9,1.09,1
3017,21/01/2020,92,133.6,Electronics,No,23765.44,2.02,1.01
1796,01/05/2021,7,135.77,Electronics,Yes,21897.5,2.67,0.95
9966,02/06/2019,61,143.35,Home_Appliances,Yes,18011.16,3.65,1.06
5423,29/06/2021,78,143.14,Laptops,Yes,20115.85,3.47,0.91
2741,16/10/2020,26,125.71,SmartPhones,Yes,18579.22,2.64,0.86
9980,13/10/2020,27,140.76,Laptops,No,17345.05,1.05,0.84
2809,07/09/2022,74,137.11,Home_Appliances,Yes,22795.26,1.3,1.09
5192,12/08/2021,30,96.78,SmartPhones,No,19642.77,1.4,0.87
1646,12/10/2022,38,78.44,SmartPhones,No,22385.4,1.38,1.1
1751,20/01/2018,18,136.04,Home_Appliances,No,18575.27,2.75,1.05
2522,03/02/2020,44,44.75,Laptops,No,24623.1,2.09,0.95
8835,27/06/2022,54,133.28,Home_Appliances,Yes,16325.12,3.91,1.19
3611,01/08/2018,54,183.13,Laptops,No,16812.61,2.52,0.94
1472,02/11/2022,88,177.19,Home_Appliances,No,24203.98,1.45,0.96
1753,10/05/2018,34,134.44,Electronics,Yes,24778.96,3.68,0.94
9570,10/11/2021,90,127.47,Laptops,Yes,19819.3,3.65,1.06
3435,15/09/2022,72,179.49,Electronics,Yes,21433.99,1.63,1.14
9123,16/11/2022,22,24.22,Laptops,No,17408.92,4.88,0.82
4648,01/02/2021,83,81.94,Home_Appliances,Yes,19590.95,4.21,0.98
9166,04/07/2020,41,32.55,Laptops,Yes,16026.43,2.65,1.02
1002,19/08/2022,12,160.44,SmartPhones,Yes,21545.96,2.82,0.94
1889,31/07/2022,29,170.42,SmartPhones,No,22166.58,2.45,0.98
2596,05/04/2022,85,52.13,SmartPhones,No,23298.84,4.86,0.92
9552,05/02/2020,90,30.2,Home_Appliances,No,16404.49,3.87,1.09
2752,05/06/2019,79,47.23,Electronics,No,17155.9,4.3,0.88
6536,09/08/2018,97,88.75,Electronics,No,19573.88,3.36,1
9172,09/01/2018,68,149.88,Laptops,No,24243.71,4.12,1.16
3845,05/02/2022,17,29.68,SmartPhones,No,19186.65,3.44,1.08
5067,15/07/2019,51,193.08,SmartPhones,No,23047.97,1.55,1.04
9393,05/09/2019,90,114.08,SmartPhones,Yes,17008.89,3.5,0.92
6657,09/10/2021,17,196.45,Home_Appliances,No,22103.53,4.04,1.02
7839,12/10/2021,96,179.83,SmartPhones,No,23083.05,3.09,0.81
3381,19/04/2018,86,20.75,SmartPhones,Yes,24835.32,3.73,0.86
2016,15/11/2021,38,48.76,Electronics,No,23140.26,1.41,1.15
4675,01/03/2022,83,116.64,Home_Appliances,No,21929.36,1.19,0.95
7825,03/06/2022,88,69.4,Electronics,Yes,22436.7,1.81,1.15
8259,27/08/2022,29,183.18,SmartPhones,Yes,22761.47,4.86,0.92
3906,30/10/2021,10,45.53,Home_Appliances,Yes,18771.98,2.71,1.02
3131,26/11/2018,75,170.74,Electronics,No,19663.31,4.75,0.82
6285,07/05/2021,7,157,SmartPhones,No,22899.08,3.2,0.83
6207,12/12/2020,29,191.83,Electronics,Yes,19159.31,3.15,0.84
4624,15/12/2022,28,136.03,SmartPhones,No,17935.74,4.8,1.05
8780,23/02/2021,97,196.42,Electronics,Yes,21689.38,2.78,1.16
4994,23/03/2018,88,178.28,Laptops,Yes,18858.76,3.16,0.91
9468,11/08/2022,99,81.24,Laptops,No,15438.52,4.59,0.88
9419,18/06/2018,13,41.81,Electronics,Yes,17107.81,3.52,0.89
7950,08/09/2022,14,49.06,Laptops,Yes,22468.91,1.62,0.98
6434,19/03/2018,12,23.92,Home_Appliances,No,20580.84,3.3,0.89
5237,14/04/2020,50,95.71,Laptops,No,18164.04,2.56,0.85
1096,06/08/2021,93,127.49,Electronics,Yes,18577,3.01,0.92
5937,27/05/2021,12,63.49,Laptops,No,18951.13,3.64,0.99
9740,27/03/2019,18,151.88,SmartPhones,Yes,17980.57,4.55,1.19
7113,23/01/2018,71,176.21,Home_Appliances,Yes,15417.73,3.29,0.96
9970,24/06/2018,40,49.91,SmartPhones,Yes,19126.54,3.58,1.01
3637,12/01/2019,29,127.21,SmartPhones,Yes,16146.23,3.68,1.03
1891,10/10/2022,97,187.15,Laptops,Yes,17906.53,1.27,0.84
8982,09/11/2019,46,34.36,Home_Appliances,Yes,17851.37,1.28,0.88
8960,11/07/2020,43,127.11,SmartPhones,Yes,20655.52,2.46,0.93
8017,12/12/2018,1,69.51,Home_Appliances,No,17766.8,2.44,1.07
6432,03/12/2022,62,97.94,SmartPhones,No,19869.71,1.44,1.06
2343,20/09/2022,36,173.16,Home_Appliances,Yes,17632.35,4.55,0.83
2235,08/02/2018,65,130.01,Laptops,Yes,24063.04,3.21,1.02
9842,24/08/2020,84,157.29,SmartPhones,No,17233.07,4.09,1.09
5767,02/10/2018,60,105.21,Electronics,No,18638.66,1.04,0.9
3717,31/03/2022,66,36.67,Home_Appliances,Yes,20663.57,3.26,1.15
3395,16/02/2022,94,101.87,SmartPhones,Yes,17188.19,2.95,0.83
7052,25/04/2019,6,137.03,SmartPhones,No,19696.74,2.82,0.82
6309,31/07/2018,91,194,SmartPhones,No,20786.31,3.28,0.95
7201,19/01/2020,76,134.13,Electronics,No,18763.29,4.63,1.01
6781,01/08/2022,45,102.5,Laptops,Yes,20018.37,1.56,0.87
2263,19/11/2020,83,63.35,Home_Appliances,Yes,16573.57,3.41,1.13
4773,29/04/2020,43,146.85,Laptops,No,19790.21,3.36,1.06
7732,15/02/2018,32,18.2,Home_Appliances,Yes,21295.4,1.16,1.03
1916,07/12/2018,34,185.26,Laptops,Yes,23785.09,3.91,1.13
2404,20/03/2019,58,125.24,Laptops,No,16705.67,4.32,1.04
3979,30/06/2021,85,107.05,Home_Appliances,No,24223.52,3.39,0.83
7196,29/02/2020,17,30.63,Home_Appliances,No,23265.14,3.42,0.87
1639,03/12/2022,69,105.63,Electronics,Yes,19822.41,1.52,1.04
1019,06/05/2022,87,133.35,Laptops,No,23748.24,3.79,0.97
8899,06/06/2022,99,82.43,Electronics,No,16338.83,2.91,0.89
2373,04/08/2019,77,176.59,Laptops,No,16890.21,3.84,1.12
9561,30/08/2018,67,11.37,Home_Appliances,No,19088.45,1.43,0.97
5155,20/06/2019,69,90.48,SmartPhones,No,24917.99,2.59,0.88
8904,02/01/2019,48,116.23,Laptops,No,24885.08,3.31,1.11
7522,15/02/2022,18,172.45,Electronics,Yes,19465.95,3.8,0.86
4513,07/11/2020,52,159.36,Electronics,Yes,18891.04,3.54,1.12
3381,23/08/2020,77,92.72,Electronics,No,17217.7,1.32,0.82
7296,31/03/2020,79,134.67,SmartPhones,Yes,24457.16,4.28,1.06
8192,22/01/2018,26,171.61,SmartPhones,Yes,15336.09,3.4,1.01
4795,13/06/2021,22,138.06,SmartPhones,Yes,21550.19,4.9,0.83
5520,16/05/2022,52,77.09,Laptops,No,20860.8,3.07,1.09
2124,04/07/2018,71,64.05,SmartPhones,No,24632.88,2.11,1.04
4187,20/07/2020,52,119.23,SmartPhones,Yes,19071.35,1.43,0.83
5821,28/11/2019,15,162.56,SmartPhones,No,21941.92,4.86,1.03
4985,01/04/2022,44,192.64,Laptops,No,23965.24,4.45,0.99
5224,19/05/2018,49,130.4,Home_Appliances,Yes,23001.61,2.65,0.94
9776,20/01/2018,90,168.11,Home_Appliances,No,15930.09,3.69,1.13
2245,09/02/2021,23,100.55,SmartPhones,Yes,23943.16,2.08,1.18
4115,18/10/2020,95,47.94,Home_Appliances,No,17067.79,1.81,0.9
6833,16/11/2018,100,30.27,Electronics,No,21138.27,4.06,1.02
1692,03/10/2022,62,80.53,SmartPhones,No,23981.21,4.52,1.03
5501,02/10/2020,24,197.03,SmartPhones,No,17220.93,3.31,0.82
7933,06/09/2020,70,16.19,SmartPhones,No,23604,4.1,0.98
2972,01/12/2021,67,97.41,Electronics,Yes,21741.03,2.52,0.84
6924,08/06/2021,34,45.56,SmartPhones,Yes,17694.08,4.83,0.94
4013,18/10/2020,55,50,SmartPhones,No,23543.26,2.12,0.87
3148,25/03/2021,88,53.43,Electronics,No,23040.88,3.22,1.14
4212,26/10/2018,95,38.41,Electronics,Yes,19215.21,1.54,1.16
9470,29/12/2020,93,69.99,Laptops,No,17509.74,4.43,0.82
2621,15/11/2021,21,21.41,SmartPhones,No,23389.72,1.39,1.1
5256,10/01/2020,47,116.47,SmartPhones,No,15198.35,1.48,1.15
4259,27/03/2021,74,133.47,Home_Appliances,No,18551.09,3.69,0.99
8322,27/12/2022,11,82.4,SmartPhones,No,21317.12,1.58,0.87
6527,13/05/2020,81,126.34,Laptops,Yes,15791.12,2.37,0.93
5773,25/12/2021,35,125.02,Laptops,No,23876.92,4.12,1.18
9535,11/07/2020,53,41.79,Electronics,Yes,22277.72,3.65,1.18
2311,08/03/2019,22,85.44,Electronics,Yes,24367.94,2.89,0.82
7504,09/12/2020,98,199.24,Electronics,No,21181.02,1.34,1.17
7387,26/09/2019,30,57.01,SmartPhones,No,21264.81,1.53,1.14
1468,13/03/2018,85,77.8,SmartPhones,No,19671.93,4.48,1.17
9987,30/06/2020,18,194.21,Home_Appliances,No,21310.48,3.54,1.03
9576,03/08/2021,82,111.42,SmartPhones,No,20396.68,4.22,0.98
6992,24/04/2020,34,39.59,Electronics,Yes,20233.16,4.03,0.85
5698,18/08/2020,69,11.58,Laptops,No,17996.11,4.06,1.12
4788,20/06/2022,1,114.16,Home_Appliances,No,23821.62,2.75,0.9
7385,24/08/2022,49,51.91,Electronics,No,21253.23,3.07,1.12
5454,07/08/2019,84,151.16,SmartPhones,No,16880.01,1.27,0.85
2808,28/07/2021,59,127.37,SmartPhones,No,16877.89,1.08,0.82
9764,15/02/2018,24,194.74,SmartPhones,No,16250.39,2.75,0.8
2477,05/11/2018,2,103.78,SmartPhones,No,18115.77,4.2,1.2
8597,28/11/2021,5,72.75,Home_Appliances,Yes,17665.04,2.57,1.02
3975,29/01/2019,33,165.28,Electronics,Yes,24745.99,3.86,0.95
8257,22/05/2019,95,198.96,Home_Appliances,No,22353.23,1.38,1.07
4415,26/08/2020,50,139.47,SmartPhones,No,16586.11,3.91,1.1
9534,08/09/2018,33,101.43,SmartPhones,Yes,18604.27,1.21,1.07
2850,29/04/2019,82,92.49,Electronics,Yes,22943.9,3.34,0.96
4982,19/01/2018,6,120.4,Laptops,Yes,18713.99,1.36,0.86
2497,05/11/2021,80,74.3,Electronics,Yes,18555.18,1.62,1.01
2759,15/09/2018,63,54.21,SmartPhones,No,22331.89,1.09,0.95
3207,29/05/2019,6,102.21,Laptops,No,20427.34,2.96,1.03
9906,14/12/2019,42,149.16,SmartPhones,Yes,15688.77,1.62,0.92
5314,14/01/2021,47,96.28,Laptops,Yes,23829.32,3.48,0.95
4912,19/10/2019,93,22.03,Laptops,Yes,20240.7,2.99,1.02
5638,23/10/2019,53,131.77,Electronics,Yes,20232.01,1.27,1.13
3126,01/01/2019,5,48.4,Laptops,Yes,15987.54,3.28,1.13
9026,12/12/2020,80,143.25,SmartPhones,Yes,18663.54,3.42,0.83
4419,04/09/2021,63,186.4,Electronics,No,23010.2,1.24,1.02
7814,11/08/2022,48,160.91,Electronics,No,20290.21,3.94,1.13
2276,19/03/2019,67,28.45,Home_Appliances,No,16894.6,3.1,0.9
3931,17/02/2021,96,116.05,Electronics,No,21744.93,3.81,0.97
2705,08/12/2018,24,114.49,SmartPhones,Yes,20339,3.4,1.17
6163,31/01/2021,42,170.52,Laptops,No,23261.55,2.29,0.9
9939,15/03/2019,49,155.48,SmartPhones,No,24616.52,2.79,0.96
1567,06/08/2019,77,13.1,Home_Appliances,No,15065.69,4.94,0.89
6159,14/02/2018,99,166.17,SmartPhones,Yes,15942.87,2.84,0.86
5341,22/01/2020,75,57.47,SmartPhones,No,15919.05,2.6,1.17
2264,21/01/2022,42,160.65,Home_Appliances,No,23257.05,3.76,1.03
2562,04/05/2021,83,67.07,Laptops,Yes,22801.22,4.69,0.93
8115,03/05/2020,16,175.26,Home_Appliances,Yes,21338.87,3.53,0.82
9591,26/03/2018,41,112.59,Home_Appliances,No,20024.02,1.88,0.82
7436,01/07/2020,97,123.08,Electronics,Yes,19319.36,4.15,0.86
6507,19/06/2018,61,118.57,Electronics,No,17625.58,2.59,0.97
3136,10/04/2022,18,101.38,Home_Appliances,No,18953.19,3.29,1.02
9589,20/05/2019,32,23.61,Laptops,No,21847.38,3.3,0.85
7776,17/05/2020,47,76.18,SmartPhones,No,20938.77,1.1,0.92
6729,16/06/2021,57,128.4,Laptops,Yes,24242.13,1.93,1.07
3555,01/04/2022,94,172.03,Electronics,Yes,17430.48,3.48,0.86
5713,29/01/2018,44,141.82,Electronics,No,19500.62,1.09,0.88
9814,10/03/2019,27,113.82,SmartPhones,No,21230.42,4.97,1.08
1301,11/02/2020,75,182.15,Electronics,No,16703.2,2.14,1.12
5444,19/04/2018,60,134.4,Electronics,Yes,18886.45,2.09,1.14
6901,06/11/2022,14,13.62,Laptops,Yes,24797.93,3.03,1.08
6168,19/09/2020,77,111,Home_Appliances,Yes,20006.51,2.83,1.17
1352,23/03/2018,32,185.23,SmartPhones,No,19899.33,3.98,0.81
6765,29/12/2019,81,67.44,SmartPhones,Yes,21257.92,4.51,1.16
1482,10/02/2021,36,52.86,SmartPhones,No,21569.32,1.35,0.95
4726,04/05/2020,31,118.85,Laptops,No,24097.35,2.32,1.02
4387,29/08/2021,18,120.4,Home_Appliances,Yes,18089.98,3.82,1.01
3215,30/05/2020,99,37.58,Home_Appliances,No,15678.14,3.13,1.09
4016,13/10/2019,19,148.15,SmartPhones,No,24611.96,2.21,1.1
5485,08/11/2018,100,45.71,Home_Appliances,Yes,15261.98,4.94,1.05
4783,06/05/2021,30,53.87,Electronics,No,15794.75,4.12,0.85
8680,29/12/2021,84,81.05,Laptops,No,19738.47,1.66,0.89
7694,15/04/2022,2,185.83,Laptops,Yes,22423.67,4.95,1.1
2083,29/12/2018,57,174.75,Laptops,No,23667.75,4.55,0.97
1685,30/05/2021,95,166.62,SmartPhones,No,21115.05,3.97,1.04
9605,06/08/2021,91,159.51,Electronics,No,19569,4.51,1.15
5025,28/11/2020,69,85.17,Electronics,No,20161.27,3.52,0.82
5770,19/06/2020,51,178.04,SmartPhones,No,16664.87,2.18,1.17
9470,19/10/2018,60,167.68,Laptops,Yes,22226.47,1.45,1.11
9952,05/10/2018,51,88.58,Laptops,Yes,16788.79,3.36,1.09
4308,13/12/2022,59,27.13,SmartPhones,Yes,22183.75,1.49,0.85
8362,22/07/2021,47,26.21,Laptops,Yes,18786.79,2.52,1.11
6491,04/03/2021,85,173.91,Home_Appliances,Yes,16788.67,3.85,0.97
6071,04/02/2022,99,192.58,SmartPhones,Yes,16175.54,1.53,0.88
5146,26/01/2018,59,104.55,Laptops,Yes,21079.84,2.97,0.89
8794,18/07/2020,53,93.96,Electronics,Yes,23821.68,2.11,1.05
4401,11/04/2018,24,38.17,SmartPhones,Yes,16453.74,1.13,1.03
5889,10/11/2019,12,19.32,Laptops,Yes,16613.35,2.14,1.06
3906,21/07/2020,96,120,Electronics,Yes,22685.12,2.29,1.16
2108,03/04/2022,55,170.23,Electronics,No,19708.17,1.49,1.14
6393,15/12/2020,53,109.68,Home_Appliances,Yes,16093.02,3.92,1.05
2436,17/09/2020,93,140.84,SmartPhones,No,21088.45,2.27,1.01
6797,23/09/2018,79,116.9,Laptops,No,23079.8,4.53,0.89
5759,01/02/2019,1,32.46,Laptops,Yes,22374.68,1.83,1.05
7793,27/04/2020,6,73.42,Home_Appliances,Yes,21406.18,3.76,0.9
2111,23/09/2019,39,106.27,SmartPhones,Yes,16138.37,2.33,0.96
1477,01/09/2022,23,46.86,SmartPhones,No,24161.63,4.19,1.06
8888,15/11/2018,81,97.52,SmartPhones,No,22839.89,2.66,1.1
9537,06/09/2019,73,147.74,SmartPhones,Yes,17082.62,3.74,1.12
6793,16/05/2018,20,63.29,Electronics,No,24836.19,3.51,1.14
7382,19/01/2019,77,32.2,SmartPhones,No,22098.4,2.09,0.83
4893,01/02/2020,58,167.6,SmartPhones,Yes,20251,1.7,0.95
1612,12/05/2022,26,183.54,Laptops,Yes,22990.25,4.62,0.86
6572,17/09/2020,94,176.04,SmartPhones,No,16432.95,4.49,1.13
9456,17/10/2021,17,48.99,Electronics,No,18875.88,4.46,0.85
6095,01/04/2018,88,171.14,Electronics,No,19668.76,1.18,1.01
6119,16/02/2018,74,154.11,Home_Appliances,No,17005.56,2.15,1.01
8227,06/10/2021,16,61.8,Home_Appliances,No,16144.6,4.83,1.02
2677,28/02/2019,70,76.56,SmartPhones,No,16415.57,3.82,0.91
5011,17/12/2018,10,69.16,SmartPhones,No,15507.26,1.12,1.16
1826,05/08/2018,50,20.22,Laptops,No,16789.83,3.38,1.04
8304,16/06/2021,46,69.36,Home_Appliances,Yes,24736.82,4.02,0.99
3159,10/07/2018,90,98.97,Laptops,No,21844.78,3.84,0.99
4796,04/04/2019,19,173.61,SmartPhones,No,18920.77,3.8,1.07
6320,17/07/2020,63,15.75,Laptops,Yes,18514.41,2.84,0.87
6711,22/05/2021,74,34.2,Electronics,No,23175.53,4.19,0.93
2162,11/06/2022,39,111.22,Laptops,No,17385.75,1.97,0.86
8903,26/02/2020,9,74.74,Laptops,No,20672.11,2.37,1.08
3835,19/09/2021,86,24.8,Laptops,Yes,20921.63,2.85,1.02
8294,27/12/2018,40,191.62,Electronics,Yes,21855.09,3.39,1.13
6364,09/10/2020,83,135.43,Electronics,Yes,23170.34,4.55,1.16
1003,31/03/2022,19,135.57,Laptops,No,18899.83,3.31,0.88
6187,06/09/2019,73,160.93,SmartPhones,No,22177.91,4.66,1.2
1133,06/06/2021,66,86.8,Home_Appliances,No,15624.11,4.6,1.19
1013,11/12/2021,72,165.94,SmartPhones,Yes,23612.48,4.46,0.89
7459,04/07/2021,41,145.24,Laptops,No,19351.9,1.84,0.87
3278,21/01/2019,72,83.07,SmartPhones,No,16542.67,4.99,1.07
3200,24/01/2018,10,133.19,Home_Appliances,No,21579.27,4.9,0.85
3248,08/08/2021,54,173.43,Laptops,Yes,19543.94,2.7,1.13
7303,29/12/2019,29,45.3,Electronics,No,23468.04,1.95,1
7731,23/01/2021,74,79.72,Electronics,No,22048.83,1.45,0.99
2311,18/10/2018,94,148.95,SmartPhones,No,20169.5,3.09,1.04
5017,25/08/2020,81,150.92,Electronics,No,21130.39,4.61,1.01
1176,18/08/2020,59,107.41,Laptops,No,19210.16,4.84,1.12
5738,10/12/2018,5,142.06,SmartPhones,No,15614.18,2.89,0.87
1845,06/09/2021,38,163.69,Electronics,No,19847.6,1.51,0.83
5552,01/06/2019,17,127,SmartPhones,No,15142.03,1.45,0.87
3476,11/09/2021,58,80.26,Home_Appliances,No,22825.28,1.94,0.87
9640,01/11/2022,5,75.14,Electronics,Yes,20955.44,4.29,1.14
7765,27/04/2022,50,55.21,Laptops,Yes,17108.57,3.94,0.94
5331,28/03/2022,15,19.98,Laptops,No,19762.32,2.91,1.18
9724,24/04/2019,49,139.87,Laptops,No,17626.25,3.12,0.97
5731,21/06/2022,58,82.58,SmartPhones,Yes,15973.64,3.13,0.94
8074,04/06/2021,84,173.09,SmartPhones,No,17670.88,1.39,1.06
7408,02/08/2020,99,138.31,Home_Appliances,Yes,20199.52,3.71,1.2
6132,26/01/2021,2,137.83,Electronics,Yes,19112.49,3.1,1.07
6759,26/03/2019,93,63.83,Home_Appliances,Yes,15237,1.37,1.18
4552,12/05/2021,82,33.14,Electronics,Yes,23564.41,1.52,1.06
4027,16/08/2018,90,45.01,SmartPhones,No,21604.78,1.3,0.98
5528,25/04/2022,55,141.52,SmartPhones,No,16619.66,1.3,1.11
7271,06/03/2020,43,199.23,SmartPhones,No,16779.29,1.28,1.19
4287,03/06/2021,51,43.9,Laptops,Yes,16438.73,4.07,0.89
2740,23/06/2020,92,59.21,Electronics,Yes,15704.12,3.91,1.11
1307,16/10/2020,20,134.04,Electronics,Yes,21646.06,2.07,1.08
7411,22/03/2021,1,107.92,Laptops,No,19360.58,4.38,1.11
2148,11/01/2021,29,10.63,Laptops,Yes,20672.44,4.74,0.94
5961,31/03/2020,8,130.13,Electronics,No,20346.26,4.84,0.83
8530,07/04/2022,99,65.09,Home_Appliances,Yes,20544.75,4.87,1.06
5896,26/11/2021,50,180.33,SmartPhones,No,15848.62,3.53,1.09
3292,15/03/2018,25,14.82,Home_Appliances,No,18887.68,4.17,1.06
9186,29/12/2020,58,193.65,Electronics,Yes,18392.85,2.35,1.09
7643,31/08/2018,28,163.35,Laptops,Yes,22410.51,1.93,0.83
3319,28/09/2020,84,13.62,Electronics,Yes,22012.97,1.52,0.87
1818,22/09/2019,13,96.68,Home_Appliances,Yes,23178,1.43,1
4613,10/05/2018,26,90.98,Laptops,No,16208.02,3.74,1.02
6268,10/09/2022,28,155.2,Home_Appliances,No,15632.22,2.1,1.1
3753,27/11/2021,48,115.15,Laptops,Yes,24256.76,1.16,0.84
7162,12/05/2022,21,12.97,Laptops,Yes,15063.5,1.72,0.84
5648,02/05/2020,89,163.41,Laptops,Yes,17061.6,3.56,1.01
7750,05/05/2019,23,126,Electronics,Yes,22171.99,3.45,0.84
5934,14/12/2019,54,10.87,Home_Appliances,Yes,16175.08,3.12,0.84
6929,02/11/2022,98,197.49,Home_Appliances,No,22703.31,3.64,0.91
4173,19/08/2018,20,140.2,Laptops,No,16763.24,3.68,0.82
6966,07/08/2019,27,92.59,SmartPhones,No,15433.17,3.96,1.17
3881,20/11/2018,4,102.16,Electronics,Yes,23950.79,3.89,1.04
6340,08/05/2020,26,151.95,SmartPhones,Yes,22789.75,2.3,0.84
7759,17/11/2022,26,81.35,Home_Appliances,Yes,19709.9,2.94,1.16
3374,19/03/2019,79,96.45,Laptops,No,16364.05,3.88,1.05
5418,19/02/2019,43,34.17,Electronics,No,16365.01,4.41,0.98
3804,07/04/2022,44,51.77,SmartPhones,Yes,22895.47,3.55,1.04
3784,29/03/2021,71,172.45,Electronics,No,23569.74,2.96,1.2
8757,11/09/2022,60,63.04,Laptops,Yes,17478.31,2.74,0.89
3440,20/03/2021,1,89.38,Electronics,Yes,24912.74,3.93,1
7974,23/12/2020,51,101.06,Electronics,No,19952.85,1.33,1.1
7662,23/03/2019,17,78.1,Home_Appliances,Yes,15159.3,3.68,0.86
8524,24/10/2022,74,151.98,Electronics,No,19637.61,1.55,1.08
4030,06/06/2022,48,129.09,Electronics,Yes,18848.79,3.76,1.01
5859,22/05/2020,97,61.26,Home_Appliances,Yes,21204.55,2.34,1.17
9433,13/10/2021,47,178.72,Electronics,No,18655.91,3.48,0.95
3871,20/08/2021,72,143.93,Home_Appliances,Yes,24812.52,1.95,0.85
8839,19/02/2022,97,120.22,Home_Appliances,Yes,18204.64,4.59,1
7929,22/07/2019,7,22.04,SmartPhones,No,19862.27,3.11,0.85
9714,21/10/2021,69,180.9,Laptops,No,22999.04,4.78,1.12
2075,21/01/2019,59,26.59,Laptops,Yes,17883.73,4.83,0.84
5521,18/08/2018,90,38.11,Home_Appliances,Yes,20206.88,3.51,0.92
9870,28/09/2018,61,75.87,Laptops,Yes,17915.17,1.25,1.15
4806,06/09/2022,67,132.49,Laptops,No,21557.61,4.15,0.99
9686,21/09/2022,71,94.6,SmartPhones,Yes,23982.82,2.23,1.12
4715,18/09/2020,48,194.44,Electronics,Yes,18531.21,2.82,0.87
3634,28/12/2021,69,64.2,Home_Appliances,Yes,16612.55,1.47,1.2
3072,21/06/2020,34,80.24,Home_Appliances,Yes,21655.53,4.91,0.86
8347,10/01/2021,21,111.39,Electronics,Yes,19045.62,3,0.86
8504,18/10/2019,20,10.82,SmartPhones,No,19739.11,2.16,1.18
3409,26/06/2022,73,148.42,Laptops,No,21891.47,3.93,1.16
3284,20/10/2021,71,32.21,Electronics,No,21175.22,1.88,0.94
6347,23/04/2018,78,131.85,Home_Appliances,No,16957.16,1.33,1.14
2431,14/11/2020,51,46.95,SmartPhones,Yes,24084.47,2.44,0.86
8006,28/01/2020,50,80.84,SmartPhones,No,18513.55,4.91,1.15
2435,18/03/2019,94,178.68,Laptops,No,17886.34,4.22,1.19
7944,01/02/2022,54,36.52,Electronics,Yes,17077.84,2.9,1.15
6495,16/05/2018,76,153.66,Electronics,Yes,19094.61,4.66,0.97
8571,25/12/2021,73,153.5,Home_Appliances,Yes,16860.06,2.53,1.02
1691,13/08/2022,39,168.57,SmartPhones,No,20592.81,2.85,0.81
1040,12/11/2018,34,67.03,Laptops,Yes,21538.13,4.57,0.97
9059,09/11/2021,83,56.5,Electronics,No,19930.5,4.88,1.04
6927,05/04/2021,62,117.46,SmartPhones,No,24742.59,4.27,0.95
1287,28/09/2022,34,40.94,Electronics,Yes,18196.81,4.51,0.85
3675,19/04/2018,35,78.62,SmartPhones,Yes,17898.56,3.12,1.17
9419,01/02/2019,99,129.33,Electronics,Yes,20437.12,4.49,1.13
5932,10/07/2019,88,142.61,SmartPhones,Yes,20344.2,2.41,0.86
3243,27/11/2020,37,80.87,Laptops,No,18403.13,4.64,0.84
3532,27/10/2020,29,168,Electronics,No,19604.91,1.31,1.13
1284,09/09/2020,45,69.2,SmartPhones,Yes,23170.39,4.56,1.04
6604,19/12/2018,91,67.89,Electronics,Yes,16287.14,3.78,1.08
6036,14/09/2018,27,34.74,Electronics,No,21908.18,4.14,0.83
8934,01/04/2022,56,18.08,Electronics,Yes,22930.55,3.05,0.82
2948,03/06/2019,6,22.59,Electronics,Yes,22823.71,4.68,0.88
4277,14/01/2019,86,76.79,Electronics,Yes,23458.62,4.77,1.18
6698,23/12/2019,21,172.48,Home_Appliances,Yes,15991.06,3.31,0.81
4555,05/01/2022,25,193.21,Home_Appliances,Yes,24735.8,1.39,0.89
9260,10/10/2022,91,100.2,Home_Appliances,No,21735.26,1.43,1.13
7219,18/05/2020,28,107.71,Laptops,Yes,22614.09,2.26,0.99
9515,06/10/2018,64,154.83,SmartPhones,Yes,15822.48,2.97,0.95
8486,14/05/2021,95,69.28,Laptops,Yes,20539.16,2.16,1.14
4093,21/10/2022,9,180,Laptops,No,16792.97,4.99,1
2723,22/03/2020,57,109.31,Electronics,Yes,16433.68,2.6,1.04
2666,27/02/2022,22,22.29,Home_Appliances,No,17002.63,4.38,0.96
4815,13/09/2022,55,147.79,SmartPhones,No,22563.03,4.2,1.18
6834,01/09/2020,86,124.6,Laptops,No,20114.15,1.59,0.98
3001,29/05/2019,63,104.48,Home_Appliances,Yes,15996.03,1.21,0.83
1438,02/01/2019,49,124.87,SmartPhones,Yes,18027.53,3.49,1.1
9518,21/04/2022,64,160.62,Home_Appliances,No,21620.93,2.96,0.9
6629,16/07/2022,70,113.86,Electronics,No,23801.26,1.48,0.98
7165,25/06/2020,59,16.84,Home_Appliances,No,23847,1.66,0.97
6119,05/01/2022,50,102.62,Electronics,No,21600.79,3.74,1.03
8797,25/02/2021,21,106.27,Laptops,No,19946.91,4.88,1.05
6779,19/04/2022,37,70.89,Electronics,Yes,16281.98,2.47,1.12
1440,17/04/2022,81,74.84,Electronics,No,18451.43,2.43,0.94
5001,23/05/2019,31,133.14,Electronics,Yes,23689.4,1.46,0.87
9821,30/10/2019,5,97.57,Laptops,No,17666.19,3.78,1.04
6185,13/02/2020,74,84.16,Electronics,No,16000.57,3.7,0.93
9237,20/07/2022,98,136.8,Home_Appliances,No,18633.34,2.74,1
2234,18/09/2022,69,50.68,SmartPhones,Yes,17973.2,3.29,1.12
2506,09/01/2022,75,28,SmartPhones,No,15672.7,4.2,0.99
4436,13/12/2019,10,133.79,SmartPhones,No,19329.1,3.16,0.88
7591,30/05/2019,80,107.92,Home_Appliances,Yes,21278.44,3.06,0.87
9178,13/03/2019,85,192.8,Laptops,No,24371.63,3.13,1.05
8106,05/03/2021,94,129.08,Home_Appliances,No,19624.87,1.96,1.1
5919,25/09/2022,56,87.95,Electronics,Yes,23459.67,2.07,0.91
3631,10/06/2019,88,124.23,Laptops,Yes,16135.59,1.77,0.9
6087,08/08/2020,63,116.37,Laptops,No,21469.22,1.15,0.86
3235,01/03/2018,34,160.04,SmartPhones,Yes,21442.94,1.17,1.09
1326,24/04/2018,11,69.64,SmartPhones,Yes,24005.75,2.63,0.95
2479,23/03/2020,93,170.12,Home_Appliances,Yes,20709.73,3,0.85
9605,31/05/2019,64,178.07,Home_Appliances,Yes,22731.91,2.25,1.13
7388,09/07/2022,96,151.35,Laptops,Yes,16442.78,1.7,1.19
8200,16/04/2020,33,173.95,Electronics,No,20334.7,3.8,0.85
9941,17/05/2020,61,139.72,SmartPhones,Yes,18629.98,3.86,1.13
1345,14/08/2021,78,16.61,Electronics,Yes,17529.83,2.54,1.06
6945,22/07/2022,88,33.19,Home_Appliances,No,18884.71,4.64,0.96
5186,09/09/2019,12,187.9,Home_Appliances,No,17103.86,4.56,1.17
6196,07/12/2022,99,132.44,Electronics,No,23664.45,4.29,1.18
8718,18/02/2022,53,186.03,SmartPhones,No,23767.61,4.28,1.13
5275,02/11/2020,9,76.85,SmartPhones,No,21952.1,4.05,1.06
4010,14/07/2021,57,160.29,Home_Appliances,Yes,19006.62,3.51,0.93
2347,15/08/2018,21,57.42,Home_Appliances,No,22926.42,2.28,0.99
3187,18/06/2019,23,140.62,SmartPhones,No,16986.64,2.66,0.87
7182,06/09/2022,74,52.65,Electronics,Yes,24068.45,4.9,0.88
3764,12/04/2018,52,127.42,SmartPhones,Yes,15890.61,2.47,1.18
2922,29/01/2018,92,109.91,Laptops,No,16185.12,3.85,0.88
5361,13/08/2019,96,103.89,Home_Appliances,No,23563.38,3.4,1.2
5636,28/01/2022,87,45.98,Home_Appliances,No,22924.64,1.12,1.19
4858,19/06/2021,58,182.39,SmartPhones,No,15857.39,2.88,1.15
7513,07/11/2021,28,145.53,Laptops,No,15730.56,3.23,0.82
4847,22/08/2020,46,199.38,Electronics,Yes,17536.57,3.48,0.92
7466,06/10/2021,48,35.13,Electronics,Yes,17602.92,3.01,1.17
8669,28/09/2018,12,70.29,Laptops,Yes,17604.06,2.25,1.19
9179,21/11/2022,36,152.09,Laptops,No,24027.93,2.05,1.13
5321,24/11/2020,41,92.8,Home_Appliances,No,22368.69,2.97,1.18
8208,19/04/2018,25,38.24,Home_Appliances,Yes,15358.62,2.04,1.08
8150,26/08/2018,64,17.75,SmartPhones,No,19577.6,1.45,1.09
3425,11/09/2018,45,27.78,SmartPhones,Yes,23349.54,4,1.13
4479,10/04/2021,1,109.94,Home_Appliances,No,24204.13,1.98,1
2545,23/12/2022,43,14.93,Electronics,No,18735.58,4.72,0.84
6300,11/11/2018,4,25.4,Laptops,No,21283.57,2.08,1.06
6397,31/03/2018,84,128.25,Laptops,No,24474.18,5,1.16
3118,09/03/2019,7,162.3,SmartPhones,No,22981.47,3.98,1.02
7248,09/07/2018,52,58.48,Home_Appliances,No,15891.88,4.41,0.87
7592,07/08/2019,83,152.99,Home_Appliances,Yes,17985.47,4.2,1.09
6080,03/11/2021,78,34.94,Electronics,No,20126.53,2.96,1.15
8805,04/07/2019,73,124.06,Electronics,No,23109.94,3.46,0.97
7979,10/07/2018,6,107.53,Laptops,Yes,21476.11,3.85,1.17
9638,13/07/2021,83,109.69,SmartPhones,No,19373.56,4.63,0.99
3434,19/09/2018,88,181.55,Home_Appliances,No,17954.82,1.19,0.83
1738,17/11/2020,14,107.02,Laptops,Yes,19646.56,3.88,1.13
6823,06/06/2019,75,25.54,Electronics,Yes,22405.16,2.85,1.11
7438,03/04/2018,11,89.09,SmartPhones,No,20872.08,2.82,1.07
5342,01/12/2019,24,50.1,Electronics,No,23716.16,1.43,1.01
1095,19/03/2020,15,12.53,Laptops,No,21918.06,4.48,1.19
8974,13/09/2019,80,164.5,SmartPhones,No,23046.41,1.35,0.85
4126,18/08/2018,3,142.25,Home_Appliances,Yes,17092.29,3.59,1.06
8139,21/09/2022,81,173.06,Home_Appliances,Yes,18009.18,2.85,0.99
1357,27/08/2018,22,181.46,Laptops,No,19714.89,4.44,1.03
4298,27/08/2019,73,167.6,Laptops,Yes,18338.5,1.41,1.14
8074,01/05/2020,64,150.04,SmartPhones,Yes,19874.97,2.94,1.04
8993,20/04/2019,92,21.53,Electronics,No,20764.03,3.21,0.91
7834,26/12/2022,61,32.22,SmartPhones,No,21975.14,1.08,0.92
4149,19/08/2020,45,93.24,Home_Appliances,No,24217.36,4.41,1.09
8675,26/09/2018,38,147.37,Laptops,No,23330.81,3.69,1.09
8738,26/06/2022,21,128.15,SmartPhones,Yes,21670.56,1.52,0.88
9063,26/07/2018,54,189.18,Laptops,No,17347.19,3.23,1.2
6878,10/12/2022,34,77.84,Home_Appliances,Yes,23279.49,4.58,0.81
2043,23/11/2019,56,31.65,Home_Appliances,Yes,20619.81,2.95,1.2
6820,25/04/2022,6,156.32,SmartPhones,Yes,23534.08,4.49,1.04
2706,17/12/2021,7,186.06,Laptops,No,24626.47,4.02,1.19
2669,14/08/2022,72,17.97,Electronics,Yes,21299.26,4.48,1.16
3572,31/01/2022,38,144.55,Laptops,Yes,16542.96,2.45,1.13
3014,04/10/2022,26,93.43,Laptops,Yes,17453.16,4.24,0.94
9274,17/12/2018,11,60.54,Laptops,No,21294.4,1.98,1.1
9677,13/05/2020,30,36.22,Laptops,No,24180.2,4.59,1.18
9456,16/06/2022,88,78.74,Electronics,No,16455.84,1.04,1.12
2140,23/06/2018,44,69.81,Home_Appliances,No,15614.68,4.04,1.06
3473,22/03/2021,8,195.77,SmartPhones,No,19020.03,3.72,1.02
5986,17/01/2022,96,69.6,SmartPhones,Yes,23270.04,4.6,1.04
3406,05/12/2021,52,94.78,Home_Appliances,No,21974.71,4.55,1.11
7627,08/05/2022,26,177.39,Electronics,Yes,20374.33,2.56,1.09
3064,01/12/2020,70,63.95,Electronics,No,20213.36,4.03,0.86
1456,29/12/2022,70,122.58,Home_Appliances,No,22265.09,4.95,0.84
1982,20/09/2022,48,59.35,SmartPhones,Yes,15477.33,3.6,0.85
5881,18/03/2021,95,10.99,SmartPhones,Yes,23053.88,4.96,1.03
9737,26/09/2022,77,54.43,SmartPhones,No,21669.22,4.26,1.03
3293,02/01/2022,49,108.74,Home_Appliances,Yes,18278.47,3.33,1.13
6919,19/07/2020,13,37.85,Laptops,No,15819.47,1.25,1.16
8802,16/03/2019,58,24.83,Laptops,No,23720.15,3.34,1.05
8210,12/11/2021,63,149.03,Laptops,Yes,16443.46,1.51,1.08
3119,13/12/2021,66,174.02,Electronics,Yes,19554.32,1.13,0.86
7051,01/09/2018,78,171.94,Electronics,Yes,18695.86,2.16,1.01
2929,31/01/2020,40,198.29,SmartPhones,No,19859.26,4.16,0.86
7910,10/04/2018,40,178.92,Home_Appliances,Yes,23191.25,2.96,0.85
6712,19/05/2018,6,89.34,SmartPhones,No,24002.87,4.13,0.99
3175,10/04/2022,18,105.91,Laptops,No,21672.21,1.6,1.09
2463,27/06/2022,80,136.26,Laptops,No,17328.22,2.58,1.02
8259,16/02/2022,36,132.72,Home_Appliances,Yes,20719.95,4.18,1.08
3028,11/08/2021,72,26.18,Electronics,Yes,22505.59,3.01,0.81
9713,04/01/2019,3,62.24,Home_Appliances,Yes,23296.91,4.36,1.03
2386,11/07/2022,69,125.3,Laptops,Yes,19914.73,4.74,0.94
3957,29/04/2020,4,173.33,SmartPhones,No,17571.78,1.46,0.84
3755,08/08/2019,19,44.71,Electronics,Yes,18067.94,2.63,0.87
6329,07/01/2019,4,145.53,SmartPhones,No,15987.44,1.57,1.16
5225,09/02/2020,16,19.86,Home_Appliances,Yes,19929.79,4.01,0.95
2885,06/07/2019,8,70.48,Laptops,Yes,19841.72,2.63,0.89
1305,06/07/2019,71,193.06,Electronics,Yes,22629.78,3.61,0.85
7664,02/07/2020,11,170.79,Home_Appliances,Yes,18733.05,4.94,1.11
9806,17/05/2020,72,95.83,Electronics,No,24611.14,3.48,1.06
3742,02/01/2018,8,187.37,Laptops,No,20978.68,4.36,0.95
6757,22/09/2022,81,50.42,SmartPhones,Yes,16614.16,3.14,0.83
2469,20/03/2020,90,33.37,Home_Appliances,No,23782.79,1.84,1
6215,16/12/2022,88,189.63,SmartPhones,No,17730.13,3.65,0.93
4450,30/07/2020,77,72.41,Home_Appliances,Yes,21087.87,1.02,0.8
3843,26/04/2020,72,180.1,Laptops,No,20381.31,4.15,1.06
2270,08/01/2021,4,179.59,Laptops,Yes,18529.95,4.25,1.13
6864,03/03/2020,23,169.44,Electronics,Yes,19626.93,4.74,0.98
4629,02/03/2022,3,154.1,SmartPhones,Yes,15899.67,3.45,0.92
4623,25/04/2019,64,193.79,Electronics,No,19928.38,3.82,1.04
1116,06/02/2019,82,85.26,SmartPhones,No,16704.77,1.78,1.1
3875,14/05/2018,76,34.37,Electronics,Yes,17596.24,3.28,0.89
9570,01/02/2022,36,46.45,Electronics,No,21806.8,4.53,0.8
7997,05/08/2021,87,189.18,Electronics,No,19325.48,4.98,0.91
9491,13/08/2020,64,78.68,Electronics,Yes,15469.65,4.67,1.01
6181,11/01/2018,51,46.98,Electronics,Yes,24902.65,1.9,1.08
2219,27/05/2019,26,41.25,SmartPhones,Yes,21259.95,1.39,0.99
1393,28/04/2021,81,187.66,SmartPhones,Yes,16078.41,1.95,0.94
1891,10/08/2022,43,108.74,Home_Appliances,Yes,22757.49,3.48,1.11
8314,31/03/2021,16,26.25,Electronics,Yes,18773.95,4.56,1.08
3089,07/05/2018,57,20.41,Laptops,Yes,16018.28,1.22,0.82
7249,02/04/2020,13,127.29,Laptops,Yes,23645.83,4.15,1.05
8428,26/02/2020,60,161.08,Electronics,No,21509.21,3.7,0.81
9474,04/11/2019,76,46.57,Electronics,Yes,20951.75,1.27,1.12
4172,19/03/2021,17,131.1,SmartPhones,No,19210.07,3.9,0.98
4983,09/10/2018,6,21.49,SmartPhones,No,20131.26,3.61,0.94
9866,08/05/2022,19,38.01,SmartPhones,No,17910.64,4.88,1.01
3369,28/04/2018,31,106.35,Electronics,No,18438.16,4.91,1.06
4297,28/05/2022,9,74.89,Laptops,No,20997.62,2.32,1.03
6499,15/06/2021,39,89.55,Home_Appliances,Yes,19543.02,4.16,0.82
4594,08/01/2018,82,52.37,Home_Appliances,No,21239.2,1.96,1.09
6431,12/07/2022,95,81.42,Laptops,Yes,23260.84,1.03,0.8
6863,03/03/2018,72,31.89,SmartPhones,No,16944.03,3.34,1.11
1719,02/03/2018,26,47.59,Home_Appliances,Yes,23853.82,3.88,0.94
5029,01/01/2019,26,14.08,SmartPhones,Yes,15209.94,3.71,0.95
2818,25/11/2019,27,67.96,Home_Appliances,No,23094.88,3.64,1.18
8106,04/12/2022,92,22.42,Home_Appliances,Yes,22948.98,1.77,0.95
7131,14/10/2019,77,91.61,Home_Appliances,Yes,22630.82,3.35,1.14
5819,06/06/2022,20,72.26,Electronics,No,23728.51,4.41,1.19
9011,05/03/2019,94,25.47,Laptops,Yes,16674.34,2.55,1.15
9342,06/02/2020,64,108.59,Home_Appliances,No,22124.87,3.1,0.99
9106,28/08/2020,35,120.43,Electronics,Yes,17195.26,1.81,1.15
7486,24/03/2019,40,90.75,Laptops,Yes,24354.99,2.5,1.02
3200,20/03/2022,11,66.06,SmartPhones,Yes,20839.62,2.86,1.05
7981,12/07/2020,60,92.18,SmartPhones,No,18170.2,2.53,0.87
4830,28/06/2019,83,24.42,Electronics,No,23426.03,3.05,1.06
5528,12/04/2019,13,32.53,SmartPhones,Yes,20460.26,2.34,1.07
5096,12/09/2019,96,164.96,SmartPhones,Yes,22056.43,4.99,1.2
9898,19/06/2019,2,156.31,SmartPhones,No,22831.28,2.62,0.96
1194,24/08/2020,84,107.4,Home_Appliances,No,17275.78,3.89,0.88
4829,22/11/2020,76,159.34,Laptops,No,18406.6,1.34,1.14
8025,27/04/2022,90,89.36,Laptops,No,23529.44,1.12,0.86
3102,18/09/2019,95,11.84,SmartPhones,No,17254.91,2.7,1.1
9808,06/09/2019,42,121.52,Electronics,Yes,16536.91,4.81,0.93
7404,20/02/2020,27,190.25,Electronics,No,16883.39,1.43,1.03
8397,01/08/2021,39,27.72,Electronics,Yes,15320.59,3.76,1
4058,12/02/2019,9,183.16,Laptops,No,17058.92,2.16,1.01
8449,28/04/2018,48,108.52,Home_Appliances,No,23597.07,2.64,0.86
2814,22/09/2018,69,89.5,Electronics,No,24550.97,4.46,0.85
4369,27/09/2019,56,165.4,Laptops,Yes,21037.09,4.76,1.03
9232,07/01/2022,88,97.2,Home_Appliances,Yes,24910.85,2.78,1.13
5044,12/12/2020,43,182.96,Laptops,No,19626.95,1.16,0.84
8476,12/12/2019,90,170.1,SmartPhones,No,21130.28,4.24,0.87
5081,03/01/2019,80,149.32,Laptops,No,24108.33,1.73,1.03
7447,01/12/2021,6,55.54,Home_Appliances,No,23825.56,3.15,1.07
2093,30/11/2021,93,147.26,Home_Appliances,No,19112.78,4.05,0.85
7041,06/06/2018,97,29.99,SmartPhones,No,19509.36,2.01,1
8572,24/02/2018,10,131.38,Laptops,No,18436.58,2.6,0.88
1618,22/01/2018,33,31.79,Home_Appliances,No,21702.96,2.86,0.98
2352,28/01/2021,85,56.04,Laptops,Yes,19707.88,2.12,0.86
1295,28/05/2021,13,43.67,Electronics,No,16684.53,3.69,0.8
5476,11/11/2018,57,78.04,Home_Appliances,Yes,23926.88,3.13,0.98
1782,10/09/2022,82,164.19,Electronics,No,21903.47,2.78,1.04
1797,01/05/2022,49,155.75,Home_Appliances,No,24087.56,1.8,0.81
1457,30/01/2018,44,165.9,Electronics,Yes,24587.45,1.39,1.13
3750,22/01/2022,22,18.36,Electronics,No,18226.8,3.51,1.05
9875,20/03/2020,55,32.95,Home_Appliances,Yes,18565.76,1.69,0.96
6181,25/01/2018,50,50.43,Home_Appliances,Yes,21579.62,2.11,1.05
1719,18/05/2018,28,88.11,Laptops,Yes,22125.31,4.17,1.17
3809,31/05/2019,13,123.97,Laptops,Yes,18320.47,3.54,1.15
6209,10/10/2022,86,101.6,SmartPhones,Yes,21085.33,3.34,0.95
4808,28/10/2020,76,143.88,Electronics,Yes,15212.13,4.04,0.85
4873,20/02/2022,55,153.88,Electronics,Yes,16375.55,2.99,0.88
7156,23/02/2019,83,17.2,Laptops,No,16342.67,2.27,1.11
1648,02/12/2020,54,133.13,SmartPhones,Yes,17290.1,3.93,0.94
4372,09/01/2021,7,182.26,Home_Appliances,Yes,21080.63,2.53,0.93
8247,13/07/2021,1,22.28,Laptops,Yes,24536.61,1.21,1.2
4345,15/09/2018,12,43,Home_Appliances,Yes,20074.25,2.7,0.99
3689,17/01/2022,26,56.54,Home_Appliances,Yes,18031.01,3.31,1.19
4299,11/07/2019,62,25.2,SmartPhones,No,18777.17,2.88,0.97
8101,07/04/2022,20,165.72,Laptops,Yes,22619.29,2.71,0.83
5918,03/05/2021,69,39.03,Home_Appliances,No,18804.5,2.22,0.91
8878,28/05/2018,43,35.96,Laptops,Yes,16547.24,1.76,0.81
9203,04/02/2022,93,81.11,Laptops,No,24402.85,4.88,0.95
9020,23/09/2019,83,197.63,Electronics,No,23850,4.97,0.85
3660,02/02/2019,98,92.9,SmartPhones,No,20096.08,2.95,1.08
1945,26/08/2021,50,186.04,Home_Appliances,Yes,19777.26,4.69,0.94
1462,29/11/2021,86,132.61,SmartPhones,No,24442.65,1.59,0.9
3644,26/01/2018,15,156.48,Laptops,No,22060.7,4.9,0.83
4093,30/11/2022,55,41.51,Laptops,No,21918.37,3,1.01
7271,15/04/2021,40,149.45,Electronics,Yes,21361.8,4.11,0.94
3338,05/07/2019,96,49.81,Laptops,No,15064.2,1.67,1
2587,24/05/2018,100,142.3,Laptops,No,22330.42,1.68,0.95
3200,10/02/2019,63,44.58,Electronics,No,20670.92,1.85,0.88
3993,16/07/2022,98,46.46,Laptops,No,21268.37,3.5,1.15
3721,13/06/2018,38,26.28,Electronics,No,15642.62,1.12,0.89
8949,09/10/2021,98,29.15,Electronics,No,22517.99,1.03,1.03
1685,18/07/2018,28,109.24,Electronics,No,21029.85,4.95,1.1
8961,27/08/2020,97,74.04,Laptops,No,18707.85,4.56,1.2
4925,10/01/2020,86,85.71,Electronics,No,23730.77,4.23,0.8
7583,25/01/2022,18,14.88,Electronics,No,24510.62,4.01,0.9
8404,20/06/2021,88,135.19,Laptops,No,21602.28,1.01,1.06
6278,04/02/2018,82,78.44,Electronics,No,21779.29,1.93,0.99
2333,15/12/2019,55,188.43,Laptops,Yes,22342.78,2.18,0.88
3345,17/11/2022,67,176.48,Electronics,Yes,19979.25,1.35,1.13
9990,27/11/2022,60,41.93,Laptops,Yes,19821.69,3.16,0.9
3792,23/03/2022,85,142.98,Electronics,No,24933.61,1.12,1.17
6349,25/02/2020,99,63.27,SmartPhones,No,24515.04,3.68,1.07
9757,21/07/2021,93,103.47,SmartPhones,Yes,24317.8,4.07,1.04
6623,12/02/2020,92,151.16,Laptops,No,23084.47,1.89,0.85
2436,17/08/2018,12,74.65,Home_Appliances,Yes,20728.39,1.51,0.93
7229,27/03/2021,95,10.32,Electronics,Yes,23471.19,4.92,0.93
6980,22/06/2022,87,187.45,Home_Appliances,Yes,16065.86,1.04,1.14
6176,24/10/2018,38,169.07,Laptops,No,16474.25,2.13,1.1
1562,11/05/2021,41,68.69,Electronics,No,24968.49,3.83,0.99
4534,10/10/2020,38,143.79,Laptops,Yes,24811.43,2.33,1.13
4450,03/10/2022,94,187.54,Home_Appliances,Yes,24231.58,4.1,1.14
7419,05/09/2019,85,183.35,Home_Appliances,Yes,20479.43,2.35,1.07
6706,01/04/2022,51,84.3,SmartPhones,No,21963.76,1.78,1.14
7451,19/07/2018,17,71.45,Electronics,No,19575.33,1.65,0.86
8904,20/08/2019,19,49.86,Home_Appliances,Yes,18622.26,4.42,0.84
3418,11/02/2020,55,139.09,Home_Appliances,Yes,15960.48,4.9,0.87
1859,29/08/2018,66,133.52,Laptops,Yes,21269.73,2.62,0.81
4946,23/03/2020,63,67.51,Home_Appliances,No,22758.5,4.96,1.07
2468,12/05/2022,60,174.33,Laptops,No,21323.34,2.78,0.8
2910,19/06/2018,16,102.95,Home_Appliances,Yes,20868.5,4.95,0.99
2549,15/06/2022,76,44.41,Laptops,No,17983.63,1.5,0.93
9806,14/01/2019,52,164.44,Electronics,No,20560.6,3.15,1.12
9004,11/05/2018,67,169.06,Electronics,Yes,24656.81,4.59,0.87
3948,11/01/2018,72,94.97,SmartPhones,Yes,15391.43,3.3,1.06
2438,25/02/2021,33,171.78,Electronics,Yes,24799.28,3.02,0.95
9919,18/12/2018,55,195.65,Electronics,Yes,18006,4.78,1.01
5807,11/09/2021,69,94.53,Laptops,No,20226.66,4.94,0.94
9818,11/11/2020,27,140.71,Electronics,Yes,15367.34,1.57,1.14
4526,02/10/2018,78,114.89,SmartPhones,No,16284.92,3.49,0.83
5177,18/06/2019,49,133.46,Home_Appliances,No,19560.68,4.78,1.07
3346,02/01/2021,27,23.41,SmartPhones,Yes,22144.45,3.25,1.06
9379,23/05/2021,21,89.74,Home_Appliances,No,24924.49,2.73,0.81
5055,08/06/2018,35,33.68,Electronics,No,15659.59,3.56,0.95
6464,13/05/2022,35,37.8,Home_Appliances,No,15098.63,2.51,1.19
7203,04/08/2018,16,43.39,SmartPhones,No,15955.41,2.4,1.03
5620,03/02/2021,35,125.42,Electronics,Yes,18179.96,4.01,0.87
9711,03/02/2021,77,177.58,Laptops,No,20923.1,2.04,1.07
3547,08/09/2021,17,37.11,SmartPhones,Yes,24184.42,3.56,0.95
5081,20/10/2021,78,89.47,Laptops,Yes,19389.6,2.42,0.99
5699,19/07/2019,55,108.91,Home_Appliances,No,21356.35,1.35,0.92
6123,28/09/2022,12,130.59,Electronics,Yes,24448.67,1.66,0.82
5683,08/02/2021,64,163.59,Electronics,No,21770.33,4.73,0.85
9156,20/11/2020,88,199.61,Electronics,No,15139,1.76,1.13
1119,02/01/2022,55,143.49,SmartPhones,Yes,24942.22,3.64,1.17
9652,01/11/2021,78,18.05,Laptops,Yes,21745.22,4.53,1.01
4687,25/12/2018,10,79.74,Home_Appliances,No,24524.84,2.69,0.95
7115,20/08/2018,44,183.67,Home_Appliances,Yes,17900.65,2.93,0.91
1036,20/02/2022,81,118.08,Home_Appliances,No,24291.09,4.84,1.01
1580,06/08/2020,80,171.19,Electronics,No,15058.91,2.84,0.92
2755,11/01/2018,45,179.14,Home_Appliances,No,18545.32,1.41,1
2388,19/12/2020,66,180.72,Laptops,Yes,24131.09,1.03,1.11
5098,09/04/2019,61,85.12,SmartPhones,No,19283.41,1.73,1.12
2780,17/06/2020,85,169.48,Home_Appliances,Yes,18537.38,2.74,0.94
4251,15/08/2018,25,64.13,Home_Appliances,No,19210.56,2.32,0.81
4260,08/09/2020,86,196.76,Electronics,No,19890.68,2.98,1.07
3087,28/10/2019,97,155.23,Laptops,No,16314.18,4.83,1.12
3066,15/11/2018,45,105,Home_Appliances,Yes,21783.1,2.37,1.19
1131,08/06/2020,62,65,Laptops,Yes,22609,1.99,0.86
9376,18/01/2019,32,63.42,Electronics,No,24942.57,1.99,1.13
4250,28/08/2020,91,158.72,Electronics,Yes,16886.69,4.42,1.05
3436,15/04/2019,16,35.14,Electronics,No,24903.99,4.72,0.97
4270,06/07/2018,7,82.27,SmartPhones,Yes,17217.75,2.7,0.82
7997,11/08/2021,7,67.82,SmartPhones,No,17805.56,2.4,0.97
6240,08/04/2018,24,17.77,Electronics,No,17119.78,2.89,1.16
2650,01/06/2020,24,57.93,Laptops,No,18342.82,1.45,1.07
3134,10/11/2019,47,150.85,SmartPhones,No,17382.52,2.1,1.03
2429,22/12/2022,14,34.79,Electronics,Yes,20865.61,4.65,1.06
4120,31/01/2019,91,94.7,Electronics,Yes,24418.18,3.48,0.92
8769,08/04/2022,26,111.38,Home_Appliances,Yes,16278.32,2.67,1.08
6690,20/01/2020,58,129.67,Electronics,No,15677.08,2.68,1.17
9255,08/06/2022,3,41.72,SmartPhones,Yes,17896.56,4.82,0.82
4116,25/02/2022,51,104.05,Electronics,Yes,19377.45,3.04,1.02
7393,31/03/2020,78,61.58,Home_Appliances,Yes,16600.03,1.87,1.08
9401,21/07/2020,65,144.47,SmartPhones,No,23524.75,2.19,0.91
2951,17/12/2018,29,18.67,Home_Appliances,No,15390.91,1.59,1.15
3178,08/07/2019,7,132.06,Home_Appliances,Yes,20345.95,1.01,0.94
7047,27/10/2019,11,189.82,SmartPhones,Yes,19083.43,3.45,0.93
1938,05/07/2021,2,166.55,Home_Appliances,No,16767.35,4.89,1.01
2743,19/01/2022,96,140.74,SmartPhones,Yes,23168.47,1.88,0.91
7479,15/11/2018,58,54.03,Laptops,No,16483.34,2.92,1
8526,14/01/2019,23,45.88,Laptops,Yes,21475.64,1.08,0.87
3911,02/08/2022,51,140.6,Home_Appliances,Yes,16435.22,2.71,0.98
7594,25/07/2018,93,110.09,Electronics,Yes,18778.75,1.08,1.13
1716,28/09/2018,32,156.32,SmartPhones,Yes,24385.98,3.4,1.12
1153,10/06/2022,14,113.05,SmartPhones,Yes,17023.22,2.92,1.03
8279,29/07/2022,21,68.4,Laptops,Yes,17438.09,3.17,0.91
9906,10/09/2018,3,166.74,Electronics,No,16025.66,4.55,0.97
1019,05/04/2019,4,53.07,Laptops,Yes,18533.1,2.15,1.17
7303,07/11/2021,92,166.33,Electronics,No,16695.59,1.44,0.84
5617,02/01/2020,10,126.98,Electronics,No,24233.2,4.68,1.16
3475,31/12/2018,55,110.79,Home_Appliances,No,16502.2,3.67,0.92
5702,15/12/2019,14,61.51,Laptops,No,24328.82,4.24,1.08
2251,04/06/2022,1,173.73,Home_Appliances,Yes,18202.56,2.56,1.09
8838,27/07/2022,9,31.5,Laptops,No,16446.68,2.29,0.85
7308,24/12/2019,41,103.9,Laptops,No,21017.43,3.55,0.86
5028,24/02/2020,54,114.37,Laptops,Yes,18846.27,3.32,0.97
4593,10/12/2021,12,54.69,Electronics,Yes,24939.05,1.07,1.02
3188,14/08/2018,8,183.16,SmartPhones,Yes,17946.97,1.58,1.14
7898,12/05/2019,27,167.29,Electronics,Yes,16172.36,3.78,0.86
1431,26/11/2021,55,80.62,Electronics,Yes,19768.27,3.38,0.86
3406,19/01/2020,19,25.01,Electronics,Yes,20691.83,4.25,0.86
3988,20/08/2020,96,36.62,SmartPhones,No,19115.22,2.35,1.11
1216,11/08/2019,15,39.62,Electronics,Yes,20032.95,1.04,1.13
8443,08/02/2021,92,167.61,SmartPhones,Yes,19236.7,1.63,1.19
9544,13/02/2020,17,151.2,Laptops,Yes,17189.06,1.73,1.1
2264,31/07/2022,89,99,SmartPhones,No,23272.54,1.66,1.12
7950,03/02/2019,35,30.6,Electronics,No,21031.9,4.39,0.81
5623,30/11/2018,70,30.23,Home_Appliances,Yes,22565.21,2.24,1.02
1530,08/05/2019,35,26.16,Electronics,No,15456.81,2.26,1.18
1138,01/01/2020,97,63.66,Laptops,Yes,18144.72,2.56,0.94
3122,10/12/2021,87,28.5,Laptops,Yes,20021.77,4.1,0.81
7260,03/09/2020,76,175.07,Electronics,No,16612.23,3.73,0.83
2528,11/01/2022,30,178.04,Home_Appliances,Yes,24934.17,3.01,1.2
9573,24/04/2022,44,95.02,Home_Appliances,No,17908.42,3.49,1.18
1655,30/12/2022,92,157.09,Laptops,Yes,17088.21,3.44,0.83
3496,07/03/2021,81,198.94,Electronics,Yes,16426.23,4.48,1.02
2428,18/10/2020,13,96.41,Home_Appliances,No,16614.72,2.12,0.95
2461,26/05/2018,23,145.02,Laptops,No,24861.43,4.91,1.11
8242,24/08/2021,18,188.57,Laptops,Yes,18634.72,2.15,0.96
3113,21/06/2020,47,107.37,SmartPhones,No,15834.91,2.65,0.98
1699,25/06/2021,83,20.84,Home_Appliances,Yes,16545.62,1.42,0.95
7541,15/10/2022,10,52.38,Laptops,Yes,18489.38,2.87,1.01
8616,12/08/2018,11,44.25,Electronics,No,22682.17,1.8,0.93
6198,03/12/2019,78,102.4,Laptops,Yes,17783.75,1.15,0.86
8699,26/10/2018,82,50.56,Electronics,No,15624,4.23,1.12
8756,14/03/2019,7,50.18,Electronics,No,17698.48,3.54,0.83
2134,15/07/2019,52,25.52,Laptops,No,20247.78,3.68,0.9
1880,09/07/2018,55,74.98,SmartPhones,Yes,16986.05,4.77,0.99
9773,11/11/2021,21,193.46,Laptops,No,24125.98,3.28,1.13
4253,09/06/2018,93,136.91,Home_Appliances,No,21640.63,4.29,1.09
6185,30/01/2018,20,180.34,Home_Appliances,No,23643.01,1.45,1.19
7658,23/06/2019,67,147.23,Laptops,Yes,21342.93,3.56,1.03
1597,24/03/2019,96,196.02,Laptops,Yes,21009.43,1.86,0.88
4131,23/10/2021,74,191.47,SmartPhones,No,15161.91,4.59,1
3043,03/12/2021,64,133.29,Laptops,No,19103.87,2.41,1.02
9571,16/04/2022,43,31.54,Home_Appliances,No,19283.84,1.71,1.04
9892,11/06/2020,49,64.16,Laptops,No,22020.93,4.75,1.16
2625,29/06/2018,14,27.03,Electronics,No,16036.75,4,1.05
9924,24/07/2018,82,94.38,Electronics,No,23517.05,1.85,1.11
7243,23/08/2018,26,172.71,Electronics,No,24676.16,4.66,0.97
7484,16/01/2018,48,158.62,SmartPhones,No,23796.07,2.06,1.14
7794,10/10/2021,31,10.79,Laptops,Yes,15155.3,1.61,0.95
9502,07/08/2022,95,123.99,SmartPhones,Yes,24591.61,4.97,0.9
7412,30/01/2019,79,132.44,Electronics,No,16288.7,3.55,1.19
3846,05/04/2020,41,108.28,Laptops,Yes,15995.78,4.2,1
7422,23/09/2022,98,129.19,SmartPhones,Yes,24487,1.82,0.84
8166,24/01/2018,81,156.31,Home_Appliances,Yes,21181,3.17,1.19
7265,21/02/2018,96,149.49,Laptops,No,16865.55,3.61,0.89
4175,01/01/2021,32,148,Laptops,No,21592.58,2.1,1.17
1379,31/07/2021,75,174.72,Electronics,No,24271.99,1.49,0.86
5292,05/01/2019,12,24.7,SmartPhones,Yes,18908,2.96,0.81
2205,23/09/2020,81,24.5,Laptops,No,23897.14,3.53,0.98
3639,04/01/2019,39,11.93,Home_Appliances,Yes,16172.07,2.37,0.94
9953,11/01/2018,21,109.13,SmartPhones,Yes,16928.45,1.12,0.81
9384,08/04/2022,20,51.1,SmartPhones,Yes,23985.72,1.12,0.86
2367,30/01/2022,89,188.57,SmartPhones,No,19815.75,4.81,0.94
5822,14/08/2020,96,163.71,Laptops,No,24223.48,2,0.88
5605,15/03/2020,14,120.89,SmartPhones,Yes,22941,4.82,1
8309,17/05/2020,77,151.95,SmartPhones,Yes,21072.96,2.72,1.03
7126,19/07/2021,9,95.39,Electronics,No,20868.69,2.17,1.13
9691,23/12/2019,51,15.69,Home_Appliances,No,19293.87,1.74,0.9
4525,07/09/2021,48,80.67,SmartPhones,Yes,15096.33,3.75,1.09
4502,11/08/2020,73,161.1,Home_Appliances,Yes,18855.91,3.41,1.01
2686,22/02/2021,36,146.09,Electronics,No,21821.32,2.74,1.13
4246,08/02/2019,7,162.52,Laptops,Yes,24902.6,2.68,0.85
3803,16/05/2021,42,122.32,Home_Appliances,Yes,17850.37,3.57,1.14
1076,03/08/2020,37,34.9,Laptops,Yes,23958.3,4.67,0.82
1266,23/05/2018,61,28.07,Laptops,No,17746.74,4.01,0.96
6131,08/10/2020,79,18.94,SmartPhones,No,19933.37,3.56,1.16
7126,19/06/2021,14,15.56,Electronics,Yes,16387.34,4.97,1.14
8138,09/04/2019,22,26.72,SmartPhones,Yes,24341.1,4.47,0.9
1705,15/08/2018,7,189.96,Electronics,No,18293.29,3.45,1.12
5422,01/12/2021,22,185.72,Laptops,Yes,16262.89,4.45,1.1
7771,28/07/2021,58,136.96,Home_Appliances,No,21612.69,4.91,0.93
8908,08/04/2019,12,60.12,SmartPhones,Yes,18530.1,4.34,0.9
4373,24/11/2021,10,24.28,Laptops,Yes,17124.75,3.68,0.99
7308,20/01/2019,63,29.86,Home_Appliances,No,22604.88,2.25,0.98
3523,03/10/2022,65,30.08,Home_Appliances,Yes,24166.97,2.54,0.98
9412,20/02/2019,100,86.04,Electronics,No,19230.94,3.75,1.18
2672,29/10/2018,60,176.48,Electronics,Yes,15165.88,2.84,0.91
8802,17/09/2021,68,96,SmartPhones,Yes,24269.28,1.34,0.97
3467,23/03/2020,65,91.86,SmartPhones,Yes,19413.41,2.48,0.82
7267,08/02/2022,55,46.85,Home_Appliances,No,16766.45,2.1,1.04
9497,06/06/2020,14,139.42,Home_Appliances,Yes,17195.8,1.21,0.81
5361,04/05/2019,9,111.11,SmartPhones,Yes,23826,3.8,0.96
7437,27/07/2018,29,149.45,SmartPhones,No,17057.05,4.14,0.94
5718,16/12/2021,77,64.72,Electronics,Yes,16850.79,4.63,1.05
6002,13/10/2022,89,55.34,SmartPhones,Yes,16666.45,2.33,0.98
1208,26/09/2021,61,91.31,Electronics,Yes,24743.71,4.53,0.87
1159,01/05/2021,46,194.21,Electronics,No,23732.19,2.89,0.82
1284,07/03/2021,88,198.18,Home_Appliances,Yes,22549.92,4.1,0.84
6499,15/07/2020,63,149.61,SmartPhones,No,17535.37,2.84,1.13
5933,25/12/2021,43,179.36,Laptops,Yes,17699.37,3.08,1.06
3423,20/04/2020,29,135.28,Home_Appliances,No,19978.32,1.98,1.1
8056,07/01/2020,27,151.43,Home_Appliances,No,21387.34,4.86,1.15
9927,09/07/2020,68,43.24,SmartPhones,No,18910.26,2.67,1.2
6067,26/01/2019,6,120.11,SmartPhones,Yes,19334.6,2.82,1.19
6685,14/08/2019,15,194.2,Laptops,Yes,19663.17,1.6,1.19
3664,14/09/2019,63,64.77,SmartPhones,Yes,19538.58,1.87,1.13
3022,19/04/2018,63,68.11,Laptops,No,21602.53,1,0.9
6737,05/12/2022,37,159.2,Home_Appliances,Yes,22131.97,1.57,1.09
8078,13/04/2021,11,65.25,Electronics,No,24329.35,1.99,1.07
7328,15/05/2020,52,193.71,Electronics,No,24201.94,3.39,0.87
8140,22/10/2021,42,162.83,Home_Appliances,Yes,17500.2,2.67,0.88
5997,25/06/2018,39,117.67,Laptops,Yes,18759.66,4.5,0.97
3270,14/12/2020,57,141.89,SmartPhones,No,18541.94,2.87,1.18
8557,26/02/2018,72,15.02,Laptops,Yes,22558.56,3.46,0.92
4975,03/04/2021,66,80.89,SmartPhones,Yes,22553.35,2.57,0.96
1097,05/08/2020,98,176.23,Laptops,Yes,15846.59,2.08,1.19
2753,14/11/2019,77,28.51,SmartPhones,No,21905.93,4.46,0.85
9369,23/02/2022,92,20.07,Home_Appliances,Yes,20620.49,4.87,0.85
3535,09/09/2019,81,69.07,Electronics,No,21236.64,1.8,0.83
3507,21/05/2021,16,108.77,Home_Appliances,Yes,16036.07,1.1,1
7401,24/04/2018,16,66.99,Laptops,Yes,23202.71,4.37,1.02
8194,26/10/2022,85,127.26,Laptops,Yes,21361.97,1.74,1.13
4943,16/12/2018,66,150.92,Home_Appliances,No,19804.66,2.16,0.84
9076,23/01/2020,86,62.28,Laptops,Yes,19639.64,4.25,0.86
5643,25/07/2020,16,117.2,Electronics,No,15340.84,3.6,1.06
8282,29/03/2018,46,192.93,Laptops,No,17769.04,4.93,0.94
9244,08/03/2019,45,181.48,Laptops,Yes,16744.97,1.61,1.06
6558,30/07/2020,92,173.15,Home_Appliances,No,22849.61,3.63,1.17
2117,15/09/2022,83,101.91,Laptops,Yes,20760.39,4.71,1.11
9608,15/06/2019,17,142.58,SmartPhones,No,15675.7,1.12,1.09
4796,17/07/2018,86,30.18,Laptops,No,22599.09,4.93,1.12
4876,04/08/2018,23,148.35,Laptops,No,24223.76,1.25,0.9
1613,01/10/2022,96,23.85,SmartPhones,Yes,24235.51,2.28,1.08
7187,30/09/2018,82,119.02,Home_Appliances,Yes,17524.95,2.75,0.91
4296,28/02/2022,21,92.47,Home_Appliances,Yes,20821.08,3.52,1.07
4334,10/03/2018,18,179.73,SmartPhones,No,20682.95,4.46,0.94
9653,13/10/2020,25,168.16,Laptops,No,18564.85,4.6,1.14
2100,17/06/2020,55,128.84,Electronics,Yes,16271.92,3.07,0.84
9170,18/04/2019,7,124.28,SmartPhones,Yes,17240.21,4.76,1.17
5118,10/03/2020,91,78,Home_Appliances,No,15747.77,3.3,1.14
9192,02/10/2019,52,127.54,Electronics,No,24369.27,4.94,1.06
1528,24/11/2019,54,59.57,SmartPhones,Yes,16392.89,3.19,1.09
2021,28/04/2019,64,23.85,Electronics,No,24810.56,4.8,1.04
2320,23/12/2022,71,100.97,Home_Appliances,No,22233.3,1.42,1
4690,24/08/2021,45,91.99,SmartPhones,Yes,15214.43,1.22,1.11
4214,30/12/2020,78,173.46,Electronics,No,15521.4,4.06,1.08
8040,07/12/2021,55,114.41,Electronics,No,16179.93,3.46,1.16
6763,01/02/2019,44,92.94,Electronics,Yes,17320.33,3.35,0.89
9785,09/03/2021,6,198.28,Electronics,Yes,23126.22,1.31,0.85
3958,02/08/2019,6,69.68,Home_Appliances,No,16297.16,2.59,1.06
2258,06/06/2018,33,188.29,Home_Appliances,No,22052.55,4.25,1.16
4609,27/06/2020,92,67.52,SmartPhones,No,23689.71,1.98,1.16
6224,30/11/2021,70,105.65,Electronics,No,24004.25,3.82,1.05
5583,10/06/2018,27,183.29,Home_Appliances,No,22419.09,1.84,0.95
3325,15/03/2018,31,142.68,Laptops,Yes,15212.9,4.35,0.91
7294,08/09/2019,11,21.35,Laptops,No,15188.48,2.53,0.98
4677,26/02/2019,49,45.04,Laptops,Yes,21604.02,1.13,1.11
1425,31/05/2021,97,179.7,SmartPhones,Yes,22572.52,2.36,1.13
8111,09/11/2022,55,158.7,Electronics,Yes,20532.94,4.81,1.17
5709,25/10/2022,69,98.07,SmartPhones,Yes,24603.05,2.87,1.2
4903,28/09/2018,2,63.33,SmartPhones,Yes,24988.06,4.09,0.92
7465,21/03/2018,79,62.11,SmartPhones,No,22824.26,4.24,1.04
3036,21/09/2019,73,135.55,SmartPhones,Yes,19438.09,1.07,0.8
1606,05/01/2020,62,131.17,Home_Appliances,No,15585.85,4.76,0.91
6145,12/05/2018,57,44.16,SmartPhones,No,23690.55,1.51,1.05
3406,20/11/2022,80,134.64,Home_Appliances,Yes,21546.01,1.74,1
8214,02/04/2021,41,17.97,Home_Appliances,Yes,24517.04,4.97,1.19
1264,21/10/2021,46,112.68,Electronics,Yes,18497.3,1.31,0.98
9372,08/06/2018,31,48.77,SmartPhones,No,15713.93,2.71,0.91
1404,31/10/2019,78,159.75,SmartPhones,No,23973.92,2.5,1.18
5817,27/06/2021,4,40.46,Electronics,No,24303.09,4.65,0.81
4464,13/07/2022,41,107.05,SmartPhones,Yes,18788.4,3.33,1.06
3458,20/02/2020,98,199.59,Electronics,Yes,24586.25,4.97,1.03
9982,12/02/2022,54,112.4,Electronics,Yes,21071.02,3.64,1.01
6192,06/07/2019,25,168.84,SmartPhones,Yes,18286.85,4.2,1.19
4782,22/07/2020,41,152.16,Electronics,Yes,19450.07,4.83,0.96
2305,22/12/2019,72,106.07,SmartPhones,No,21052.19,2.8,0.97
3052,06/01/2021,32,157.53,Laptops,Yes,21055.46,4.18,0.94
2932,16/06/2018,53,89.99,Home_Appliances,No,21326.3,4.09,1.16
8439,01/02/2018,22,32.95,SmartPhones,No,22428.54,1.51,0.81
8068,19/02/2018,89,41.72,Electronics,Yes,20148.97,3.12,0.96
7919,27/12/2019,17,86.44,Home_Appliances,No,16190.3,4.59,1.16
2765,19/01/2022,6,24.01,SmartPhones,No,24106.74,3.52,1.1
8138,16/08/2019,97,100.65,Home_Appliances,Yes,22237.07,3.36,1.13
9345,21/06/2018,20,180.16,SmartPhones,No,18793.75,2.75,1
5576,03/05/2022,13,54.13,Laptops,No,15482.88,3.07,1.01
9326,25/09/2022,55,64.2,Laptops,No,22573,4.81,0.82
4451,31/05/2020,67,62.87,SmartPhones,Yes,18473.46,1.66,0.92
8973,17/06/2020,29,178.22,SmartPhones,No,24888.06,4.01,1.17
5565,16/10/2018,13,49.3,Home_Appliances,Yes,20983.92,1.16,1.16
9813,25/06/2022,25,11.27,Electronics,No,17031.41,4.77,1.03
8288,02/12/2020,17,167.9,SmartPhones,Yes,22162.51,4.68,0.85
8082,07/10/2020,34,26.5,Home_Appliances,No,22316.34,1.47,0.94
2295,05/03/2022,29,148.2,SmartPhones,Yes,20070.6,2.1,1.05
9402,08/10/2021,100,24.08,SmartPhones,Yes,19333.78,4.73,1.12
6202,25/01/2019,72,135.61,Electronics,Yes,17459.14,3.35,1.15
4607,11/10/2021,26,60.4,Home_Appliances,No,23138.69,3.93,0.91
4253,24/07/2021,12,190.66,Home_Appliances,Yes,19343.19,2.96,1.04
3918,21/03/2018,54,140.72,Laptops,Yes,21377.15,2.94,1.06
3950,03/12/2022,39,169.73,SmartPhones,No,19902.22,3.52,1.04
9903,12/09/2020,38,28.34,Electronics,No,19195.94,2.79,0.9
7960,26/08/2018,23,98.3,SmartPhones,Yes,18475.79,2.59,0.85
8925,17/09/2022,63,124.2,Home_Appliances,Yes,17909.3,3.03,1.16
7701,05/05/2018,72,156.64,SmartPhones,No,19112.29,4.24,0.97
5271,22/04/2018,35,102.25,Home_Appliances,No,21362.66,1.18,0.98
4625,18/03/2021,22,111.84,Electronics,No,16292.15,3.16,1.18
1345,02/07/2022,49,27.15,SmartPhones,No,22668.42,3.21,1.06
9497,08/03/2019,47,111.74,Home_Appliances,No,23597.23,1.92,1.12
7125,10/11/2019,53,50.97,Home_Appliances,Yes,15360.75,1.08,1.18
2679,24/10/2020,51,160.36,Electronics,Yes,17830.9,1.1,1.05
5051,11/03/2018,35,152.48,Laptops,No,16311.93,3.96,0.91
2391,06/06/2018,10,105.86,Laptops,Yes,15147.42,4.32,1.04
3487,15/07/2018,95,121.76,Laptops,Yes,23314.72,4.44,1.11
7965,15/11/2020,96,14.45,SmartPhones,No,17026.67,2.06,1.06
8723,11/02/2020,38,91.61,Home_Appliances,No,20609.96,2.93,1.16
9736,03/11/2020,32,82.66,Laptops,No,24514.57,4.05,1.09
8409,04/04/2019,74,195.29,Laptops,Yes,19470.85,2.91,0.84
6089,12/11/2019,19,163.84,Electronics,Yes,20608.85,1.83,1.18
5095,21/06/2018,19,86.61,Laptops,Yes,15589.33,2.97,0.96
6535,05/09/2022,20,16.94,Laptops,Yes,17681.45,1.84,1.02
9007,22/01/2021,64,69.47,Home_Appliances,No,19613.72,2.93,1.02
2334,04/08/2018,55,142.86,Laptops,Yes,22568.87,1.65,1.1
3722,09/02/2019,57,175.25,Electronics,Yes,23855.03,2.98,1.05
9594,24/09/2020,18,152.31,Laptops,No,15092.59,1.47,1.2
5441,06/12/2020,42,126.87,SmartPhones,Yes,16415.18,3.09,0.88
7082,29/11/2020,78,57.74,Laptops,Yes,24362.02,4.71,1.09
3217,03/12/2018,68,145.87,Laptops,Yes,18176.88,1.72,0.99
1091,01/10/2019,90,45.66,Electronics,No,18310.35,1.24,0.99
3563,17/05/2018,45,130.91,Home_Appliances,No,21288.22,4.71,0.91
7982,11/04/2021,94,68.09,Laptops,No,20611.12,3.57,0.88
3497,30/07/2018,94,51.12,Home_Appliances,No,20636.6,1.51,1.01
7274,08/11/2019,74,156.68,SmartPhones,No,17093.07,1.01,0.89
4546,07/07/2018,79,37.83,Home_Appliances,No,23746.14,2.29,1.16
1855,08/10/2018,66,163.37,Laptops,No,18270.89,3,0.85
7442,12/02/2020,100,83.25,Laptops,No,18117.62,3.09,1.01
4504,07/12/2018,82,168.38,Home_Appliances,No,20604.86,2.96,1.12
2970,16/02/2021,56,133.9,Home_Appliances,Yes,23661.38,4.42,1.11
6668,31/01/2022,55,50.62,Home_Appliances,No,18742.06,4.73,1.2
4208,24/06/2020,47,109.94,Electronics,No,18284.52,4.64,1.17
9237,27/01/2018,78,61.88,SmartPhones,No,18982.94,4.98,1.08
5492,04/07/2021,8,194.52,Electronics,No,24972.32,3.53,1
8756,16/03/2022,83,152.61,Electronics,Yes,18695.34,3.45,1.09
3898,19/11/2022,17,25.74,Electronics,Yes,19433.78,3.84,0.93
9914,23/07/2019,25,134.47,Electronics,No,23372.74,4.39,0.93
3772,16/04/2021,93,189.42,Electronics,No,19163.79,3.67,0.82
4161,17/08/2022,98,105.29,SmartPhones,Yes,16725.85,1.18,1.04
9281,18/04/2020,23,130.71,Electronics,No,17737.63,2.4,0.94
2410,05/03/2021,60,26.75,Electronics,Yes,22295.5,1.74,1.04
1329,20/04/2022,22,159.86,Home_Appliances,No,19603.49,4.51,1.18
6042,11/09/2022,88,132.04,Home_Appliances,Yes,18104.87,2.52,0.91
5570,15/10/2018,73,69.95,Home_Appliances,Yes,17727.99,1.8,1.19
5249,29/11/2021,57,60.26,Laptops,No,20786.96,2.4,1.06
8367,26/08/2022,81,140.54,Home_Appliances,Yes,24496.65,3.34,0.86
4451,09/12/2021,56,75.92,SmartPhones,Yes,18421.81,4.87,1.02
5406,05/07/2018,66,156.95,SmartPhones,Yes,19676.88,1.13,0.85
4054,31/08/2020,18,98.78,SmartPhones,No,20637.69,3.63,1.16
6281,07/12/2021,14,129.6,Electronics,Yes,19214.08,2.34,1.06
2641,19/01/2019,46,68.19,Laptops,Yes,22520.45,2.76,1.05
8126,05/02/2022,52,99.98,Home_Appliances,No,22233.72,3.4,0.99
7572,07/09/2019,6,194.45,Home_Appliances,Yes,19209.86,4.1,1.18
7565,29/04/2021,4,41.16,Home_Appliances,No,23865.95,4.86,1.18
4251,09/03/2021,97,36.51,SmartPhones,Yes,24703.25,2.24,1.11
6670,28/07/2020,51,41.41,Electronics,Yes,17004.07,1.69,0.92
4024,29/04/2019,27,92.94,Home_Appliances,Yes,21847.14,4.38,0.95
8820,23/11/2018,45,28.98,Laptops,Yes,24128.33,3.67,1.13
4977,12/04/2022,13,83.64,SmartPhones,Yes,18998.84,2.31,0.91
7956,07/05/2021,51,111.48,SmartPhones,No,21698.77,4.88,0.81
3918,22/04/2022,31,80.14,SmartPhones,Yes,21105.67,4.01,1.17
4769,10/10/2018,64,45.71,Home_Appliances,No,19354.01,2.36,1.06
7974,05/11/2018,37,69.11,Laptops,Yes,17610.19,4.82,0.87
7524,29/10/2021,67,168.5,Laptops,Yes,18462.87,3.93,1.06
7626,04/07/2022,2,40.57,Home_Appliances,No,21862.99,1.05,1.06
7581,15/05/2020,99,20.36,Laptops,No,22420.65,1.46,1.12
8377,25/10/2020,48,158.39,SmartPhones,No,16116.72,1.72,0.97
7282,18/11/2022,87,25.2,Electronics,No,24482.01,3.83,0.9
9436,23/07/2022,79,148.25,Laptops,No,15485.44,2.13,0.85
9021,31/07/2020,47,19.51,SmartPhones,No,19257.03,3.7,1.11
1385,16/01/2021,35,43.96,SmartPhones,No,15175.19,2.3,1.05
2829,02/01/2020,94,16.96,Laptops,Yes,16752.34,3.14,0.85
3369,20/07/2021,64,91.91,SmartPhones,No,24718.53,3.76,0.9
9577,11/03/2021,59,17.72,SmartPhones,No,15382.87,3.44,1.09
2656,22/02/2020,66,196.25,Electronics,No,24274.41,4,0.97
1366,12/01/2019,96,58.8,Electronics,No,24651.6,4.17,1.03
5967,14/06/2021,66,112.44,Home_Appliances,Yes,18742.36,2.89,1.1
8158,17/07/2019,96,140.88,Home_Appliances,No,20015.63,1.18,0.96
3969,20/10/2021,37,61.81,Laptops,Yes,15187.19,2.66,0.85
5375,05/08/2020,77,160.15,SmartPhones,Yes,17213.24,1.07,0.93
2044,06/06/2021,37,148.35,Laptops,No,21347.73,2.32,0.96
1205,04/12/2019,44,70.73,Laptops,Yes,19619.48,3.97,0.88
3785,10/10/2021,50,58.58,Electronics,Yes,21313.84,3.25,0.94
4400,12/03/2022,68,80.15,SmartPhones,No,19514.99,2.87,0.86
3731,02/07/2021,46,117.33,Laptops,Yes,22513.88,2.14,1.1
4845,08/02/2020,69,35.02,Electronics,Yes,18957.5,1.85,0.84
5740,01/01/2019,21,155.71,Laptops,No,18520.25,1.87,1.16
5569,17/10/2019,99,79,Electronics,No,20023.05,3.13,0.89
7618,10/10/2020,97,98.14,Laptops,Yes,24239.11,1.71,0.92
9727,27/08/2022,43,154.96,Home_Appliances,Yes,18833.53,3.61,1.19
7722,22/01/2019,82,15.52,Home_Appliances,Yes,21097.06,3.01,0.83
7697,16/02/2018,42,125.86,Home_Appliances,No,21843.63,4.81,0.81
7378,04/02/2021,66,174.05,Home_Appliances,No,18690.64,4.5,0.87
4273,23/10/2019,17,65.67,Electronics,Yes,20776.02,2.84,1.07
8268,11/05/2019,23,194.83,Electronics,No,23720.85,4.64,0.9
2144,15/01/2018,96,16.14,Laptops,No,23621.69,1.28,0.97
5260,15/12/2022,92,112.09,Electronics,No,19808.08,3.9,0.92
7527,24/08/2022,93,156.06,SmartPhones,No,22166.25,3.05,1.06
8021,01/06/2022,16,29.69,SmartPhones,Yes,22219.94,2.47,1.06
3325,13/05/2019,62,49.92,Electronics,No,21420.36,1.3,1.16
9053,22/03/2022,32,153.83,SmartPhones,No,21891.94,2.32,0.98
5225,09/03/2021,36,122.94,Home_Appliances,Yes,20217.79,1.1,1.15
6942,01/01/2022,38,68.27,Home_Appliances,No,19752.85,2.76,0.92
3106,28/10/2018,78,65.54,Laptops,No,21367.62,1.11,0.88
5963,31/10/2018,75,12.29,SmartPhones,No,19769.74,4.6,1.19
3553,17/04/2021,65,69.72,SmartPhones,No,23654.09,2.94,0.87
9605,14/09/2020,23,101.96,Laptops,Yes,21687.45,1.26,0.89
4382,05/04/2019,20,62.88,Electronics,Yes,18565.01,2.84,1.17
1199,17/09/2022,96,170.69,Home_Appliances,Yes,18635.6,1.13,1.05
6398,05/11/2020,9,61.58,Electronics,Yes,19466.33,3.09,0.9
3993,13/11/2021,84,172.93,Home_Appliances,No,16774.31,4.92,0.91
5546,07/07/2018,96,46.1,Electronics,Yes,20225.58,1.24,0.89
8819,08/08/2020,13,112.02,Electronics,No,22900.16,1.29,0.99
8240,20/06/2018,61,47.51,Home_Appliances,No,17999.61,1.04,0.97
2827,14/01/2022,57,157.71,Home_Appliances,No,24922.38,2.01,0.96
5435,05/10/2020,81,43.54,Laptops,No,24514.36,2.2,1.15
5079,30/11/2019,36,138.79,SmartPhones,No,16114.7,4.03,0.87
1106,16/10/2019,66,99.4,Home_Appliances,Yes,15655.59,2.73,0.92
8261,03/12/2019,82,140.52,Home_Appliances,Yes,22787.92,4.05,0.89
9221,18/09/2019,41,155.62,Laptops,Yes,21847.46,4.71,0.88
3532,26/10/2019,21,46.46,Laptops,Yes,23523.57,3.44,0.86
9461,28/08/2020,84,123.09,Laptops,No,17287.24,2.05,1.17
5974,30/01/2020,19,68.18,SmartPhones,No,19497.08,2.7,0.96
7834,12/01/2018,98,188.6,Electronics,No,18536.12,4.22,1.19
5492,09/02/2018,91,48.42,SmartPhones,No,23325.52,1.09,0.97
7265,30/10/2019,72,116.39,Home_Appliances,Yes,21175.56,2.76,0.91
2219,13/05/2019,21,71.84,Laptops,No,24520.45,4.79,1.11
7390,09/11/2021,91,102.54,SmartPhones,No,15593.17,1.22,0.94
9812,27/01/2020,57,185.49,Electronics,No,16342.85,4,0.93
7779,16/08/2022,20,176.05,SmartPhones,Yes,20618.36,2.75,0.93
9955,12/04/2022,85,59.54,SmartPhones,Yes,16404.68,4.08,1.15
6143,14/10/2022,47,181.97,Laptops,Yes,16841.4,2.87,0.98
6456,12/02/2019,87,194.57,SmartPhones,No,21036.17,4.73,0.86
7730,25/05/2020,51,163.15,Electronics,Yes,24129.82,3.05,0.81
8163,07/03/2018,65,175.89,SmartPhones,No,17826.46,2.34,0.83
2237,03/03/2021,12,195.1,Electronics,Yes,22985.91,4.39,0.84
8675,03/06/2021,84,198.66,Electronics,No,23177.56,2.86,1.16
3493,25/08/2021,43,23.87,SmartPhones,No,20277.14,3.77,1.13
8084,27/12/2022,3,86.28,SmartPhones,Yes,21236.9,2.56,0.8
6281,24/05/2020,20,59.18,Home_Appliances,No,20323.64,3.61,0.88
6810,08/12/2022,92,174.78,Home_Appliances,Yes,22729.92,1.82,0.87
1429,28/12/2020,78,189.45,Electronics,Yes,20400.76,4.82,0.93
6166,17/04/2019,85,49.67,SmartPhones,Yes,19242.84,2.08,1.17
4559,01/05/2022,46,15.19,Laptops,Yes,23341.57,2.5,0.98
4417,19/02/2020,7,94.89,Laptops,Yes,17056.32,2.52,1.13
2521,25/12/2018,65,183.52,Electronics,Yes,22566.06,1.48,1
6871,16/03/2022,41,88.87,Home_Appliances,Yes,22997.91,2.44,0.9
2834,24/07/2020,3,11.38,Laptops,No,24615.69,1.4,0.94
6078,10/09/2022,9,92.49,SmartPhones,Yes,24997.07,1.34,1.06
7384,29/11/2022,61,13.01,SmartPhones,No,15453.69,4.39,0.87
1151,20/09/2018,67,39.59,Laptops,Yes,15611.81,4.21,1.15
5801,01/02/2020,80,88.83,Home_Appliances,No,16724.2,4.75,1.19
3975,18/01/2020,15,159.45,Electronics,No,17040.77,2.61,0.95
5344,27/06/2021,42,15.41,Electronics,No,15284.97,2.88,1.09
3364,14/04/2020,6,112.5,Home_Appliances,Yes,16001.15,2.39,0.89
7879,16/05/2018,15,194.06,Laptops,No,23561.4,3.15,0.85
1011,30/09/2019,61,99.2,SmartPhones,Yes,18228.76,3.16,1.18
2579,05/09/2020,64,152.26,Home_Appliances,Yes,17193.11,1.52,1.18
4695,12/09/2021,11,151.21,Laptops,No,23869.18,1.42,0.89
4024,04/02/2022,85,67.21,Laptops,No,22598.94,1.53,0.97
3379,01/04/2021,95,187.58,Electronics,No,21318.8,4.18,1.19
1234,20/10/2018,82,16.48,Home_Appliances,Yes,18967.64,1.05,0.99
6634,20/01/2019,81,175.21,Laptops,No,24926.99,2.81,0.91
8206,30/08/2018,96,63.07,SmartPhones,No,24966.86,1.75,0.94
8984,01/05/2022,71,96.7,Electronics,No,22632.69,2.05,1.11
7988,08/08/2021,4,193.3,Home_Appliances,Yes,17271.25,2.83,0.84
5844,16/09/2018,45,68.34,Laptops,Yes,24662.93,4.89,0.87
9370,04/02/2019,19,169.6,Home_Appliances,Yes,16986.77,3.98,1.01
3486,26/02/2021,68,109.76,SmartPhones,Yes,21936.95,4.99,0.87
3600,25/07/2018,88,41.47,Home_Appliances,Yes,20408.22,4.82,0.97
4312,25/07/2019,7,192.22,Laptops,No,18897.72,3.09,0.97
8807,16/08/2020,42,35.86,SmartPhones,Yes,15748.7,3.83,1.07
4420,11/02/2022,79,122.86,Electronics,Yes,22551.7,1.56,0.99
3625,15/04/2022,32,84.34,Home_Appliances,No,18910,1.77,1.13
2155,09/04/2019,36,36.68,Laptops,Yes,22259.79,3.34,1.07
4372,27/06/2020,19,137.73,SmartPhones,Yes,21367.57,3.08,1.01
8718,21/04/2019,85,93.27,Electronics,No,16536.77,4.52,1.1
6593,28/11/2022,35,190.4,Electronics,No,23379.77,2.02,1.05
7978,13/04/2021,22,176.49,Laptops,No,17246.33,1.41,1.2
6940,10/05/2019,86,103.96,Laptops,No,15566.53,1.42,1.11
5519,31/05/2019,82,106.49,Laptops,No,24830.87,1.33,0.84
8955,13/05/2019,75,104.05,Laptops,No,16039.65,4.12,1.08
7157,27/05/2021,67,175.37,Laptops,Yes,21016.62,3.36,1.12
2615,24/03/2021,13,32.32,Home_Appliances,No,20801.22,3.84,1.04
7451,11/01/2022,96,17.57,Laptops,No,20733.45,3.09,1.18
8074,02/10/2021,4,51.05,Home_Appliances,Yes,21305.21,2.32,0.92
7752,01/07/2022,4,148.52,SmartPhones,No,23183.68,2.38,1.19
5074,21/07/2019,58,158.9,SmartPhones,No,21991.04,3.54,1.11
3631,05/03/2019,72,156.45,SmartPhones,No,22533.19,4.12,0.87
9189,21/10/2022,12,73.42,Home_Appliances,No,23286.83,1.41,1.09
7652,03/10/2019,80,104.47,Home_Appliances,No,17021.49,4.42,0.99
6521,09/07/2022,57,180.2,Home_Appliances,Yes,18227.6,1.45,1.03
9292,05/12/2021,83,116.49,Home_Appliances,No,21184.71,1.3,0.84
7629,12/10/2022,34,37.7,SmartPhones,No,18967.57,4.69,0.84
5815,10/06/2021,73,194.44,SmartPhones,Yes,19425.36,1.16,1.02
5485,23/02/2018,64,52.65,Home_Appliances,Yes,23751.36,2.76,1.12
3381,26/01/2018,38,56.3,Electronics,No,23379.31,2.66,1.02
4149,24/04/2020,24,171.1,Laptops,No,22467.93,3.83,1.19
5318,02/06/2020,48,79.26,Home_Appliances,No,20403.69,1.31,1.08
6270,28/10/2022,90,56.91,Home_Appliances,Yes,24810.11,4.14,1
8794,01/01/2021,41,29.91,Home_Appliances,No,22175.65,3.58,1.02
4669,10/08/2020,35,119.11,Electronics,No,21188.06,2.99,0.97
3807,15/02/2018,72,95.21,Electronics,No,19766.26,3.83,0.83
6806,14/05/2018,93,62.46,SmartPhones,Yes,22136.12,2.96,1.08
3184,22/03/2020,28,135.74,SmartPhones,No,18305.33,3.28,1.15
7670,23/10/2018,99,112.53,SmartPhones,Yes,24708.89,1.21,1.1
2960,06/05/2022,10,126.63,Laptops,Yes,22325.56,2,1.04
3938,08/09/2022,24,15.6,Laptops,Yes,18317.9,1.38,0.96
7347,07/07/2022,53,82.45,Laptops,Yes,23472.66,1.73,0.92
3906,19/12/2021,56,177.02,Laptops,Yes,16845.66,2.61,0.89
2336,27/11/2019,58,152.84,SmartPhones,Yes,23793.01,1.24,1.02
7113,15/07/2018,22,10.33,Electronics,Yes,18268.6,2.23,1.12
7141,26/10/2022,9,191.59,Home_Appliances,No,16817.87,1.87,0.94
3534,13/05/2021,48,119.06,Laptops,Yes,20073.29,4.26,0.98
1635,05/01/2021,16,163.37,SmartPhones,No,16077.75,3.73,1.04
3742,24/07/2018,64,46.7,Home_Appliances,No,24378.18,4.71,1.02
7370,25/05/2022,58,189.36,Electronics,No,17462.22,1.57,1.18
9040,21/01/2019,52,17.9,Electronics,No,23109.07,4.64,1.08
2618,03/10/2022,67,27.28,SmartPhones,No,22569.23,3.57,0.91
3219,06/07/2020,98,47.63,Laptops,No,19351.39,1.33,0.81
2709,21/10/2019,72,101.98,Laptops,No,19976.15,4.15,0.91
1903,16/12/2020,6,45.73,Electronics,No,23920.93,3.99,1.03
3840,05/08/2021,41,150.46,Electronics,Yes,24667.68,2.54,0.94
9810,18/04/2018,88,176,Home_Appliances,No,21811.33,1.18,0.89
8491,16/01/2019,29,145.36,Electronics,Yes,19952.75,3.28,1.05
1741,21/02/2020,27,181.06,Electronics,No,15047.39,1.96,1.13
6419,29/12/2018,50,167.05,SmartPhones,No,15447.57,1.57,0.9
5230,12/12/2022,55,139.28,SmartPhones,Yes,24402.73,3.61,1.17
7704,14/11/2021,2,89.02,Laptops,No,17780.87,4.6,1.13
8998,04/06/2019,77,11.98,Laptops,Yes,21960.02,2.8,1.07
4653,25/05/2018,82,31.73,Home_Appliances,No,15665,3.15,0.87
5202,26/10/2021,92,186.82,Laptops,No,20362.6,2.14,1.03
2777,08/04/2022,16,85.03,Home_Appliances,Yes,20547.5,2.99,0.85
1584,18/08/2020,62,30.78,Home_Appliances,Yes,23330.95,1.74,1.11
2104,11/05/2019,56,126.91,Laptops,Yes,19420.24,4.08,1.07
9251,20/04/2022,25,156.02,SmartPhones,Yes,20688.01,4.79,0.94
5109,26/12/2018,45,97.79,Electronics,No,18800.34,4.79,1
4690,12/01/2019,81,46.92,Laptops,Yes,23713.37,1.28,0.9
9659,13/08/2019,72,40.61,SmartPhones,Yes,16113.66,1.26,1.01
1286,20/06/2021,93,42.28,SmartPhones,No,15384.3,4.61,1.07
1096,20/02/2020,1,116.92,Laptops,Yes,23570.03,4.05,0.81
