Product ID,Sales Date,Inventory Quantity,Product Cost
1387,13/09/2021,25,85.71
7548,23/10/2021,69,72.92
5349,20/03/2018,14,123.35
4114,06/06/2019,6,144.67
6409,30/06/2021,41,136.04
5844,09/02/2021,17,46.45
1006,15/09/2019,37,49.93
3780,11/09/2021,11,63.92
4680,10/07/2022,26,38
8461,28/04/2020,81,119.38
2746,14/05/2022,55,51.58
3184,30/06/2022,60,136.84
9976,02/07/2020,21,151.29
9540,19/09/2020,81,55.46
9849,15/06/2018,18,38.66
9890,12/08/2020,54,21.83
7232,03/09/2020,1,189.12
9947,27/06/2022,78,180.58
7624,23/01/2022,22,169.7
2375,09/08/2021,55,35.78
6355,23/11/2019,98,177.13
9837,17/04/2018,45,52.6
1333,26/06/2021,20,55.32
7043,10/12/2018,78,125.38
6111,25/03/2021,87,182.52
4978,28/07/2018,90,156.77
9289,19/08/2021,44,12.4
8532,19/12/2021,20,92.74
6280,11/10/2022,32,167.84
7209,20/11/2019,4,103.92
5581,08/12/2022,77,143.22
7658,27/09/2020,72,154.05
7625,17/11/2021,32,68.18
6419,22/12/2019,90,96.21
9779,10/04/2022,89,45.18
5636,25/07/2018,25,66.29
1745,22/04/2018,71,65.51
8843,21/06/2020,44,45.03
7565,04/10/2020,10,119.63
5066,31/08/2018,72,155.24
8025,18/09/2019,73,128
4929,22/12/2018,71,24.26
4792,14/08/2019,91,63.72
4241,20/05/2020,15,113.47
6039,03/05/2021,96,166.61
5460,21/10/2020,70,103.82
1423,07/07/2018,30,192.76
9502,27/08/2021,57,184.05
6700,16/04/2020,43,71
7561,25/07/2022,98,114.52
7622,07/11/2022,66,166.74
9167,04/07/2021,57,154.4
8941,06/09/2018,4,194.9
4681,20/09/2022,15,97.68
5479,30/04/2020,62,196.25
9327,09/03/2022,18,174.17
1042,03/08/2019,93,66.73
9903,12/02/2020,59,187.24
1715,14/10/2019,96,99.87
3492,11/10/2020,5,33.99
8486,01/02/2018,93,37.39
7512,23/08/2021,11,171.84
9864,15/03/2018,80,23
2646,27/06/2020,22,141.86
8056,26/10/2018,32,110.92
4945,16/10/2020,75,37.19
8622,13/08/2019,87,113.85
7951,14/11/2021,33,96.8
7248,17/03/2021,46,119.21
1803,26/05/2021,96,104.38
5106,20/10/2021,97,146.98
8222,10/03/2018,75,79.32
4289,28/09/2018,70,176.53
8894,10/07/2022,38,151.85
4696,28/10/2022,87,147.6
3024,20/07/2020,48,137.84
4830,23/08/2020,4,127.71
5951,22/08/2021,53,32.17
9807,05/10/2018,50,96.19
7686,27/07/2019,5,141.15
7018,20/01/2021,83,78.15
8450,07/07/2018,85,50.3
4362,21/05/2018,98,115.3
1046,22/07/2019,19,197.63
6869,06/06/2022,31,121.88
2862,08/03/2022,9,100.49
9543,10/09/2019,59,132.23
2768,01/10/2020,92,182.84
9984,29/12/2021,42,82.37
2874,13/10/2022,84,133.67
8430,27/03/2020,54,148.63
8770,18/05/2018,12,168.04
1982,16/04/2021,72,116.72
1842,13/08/2019,77,69.37
6736,28/09/2022,72,79.84
1430,01/06/2021,85,167.6
6567,20/12/2019,1,44.47
2503,09/03/2022,68,50.88
2391,15/12/2022,7,39.56
8242,28/04/2020,35,50.96
8972,15/12/2020,86,68.6
4460,21/04/2022,18,155.19
3116,18/02/2020,69,143.7
8532,09/06/2018,41,119.39
3815,30/06/2022,80,97.42
7560,09/12/2020,11,85.2
2868,22/12/2020,66,46.84
4871,30/07/2018,19,58.63
9095,08/08/2020,97,117.11
2118,18/08/2020,57,129.96
1616,27/04/2018,48,168.02
1672,10/07/2020,74,133.85
6626,02/01/2022,11,105.86
9564,02/06/2021,21,79.14
6482,15/05/2018,43,27.96
3463,14/11/2019,11,120.72
3112,03/05/2021,91,188.22
9624,11/07/2018,83,137.39
8967,29/01/2019,29,200
9843,07/09/2022,95,177.9
3527,29/11/2018,24,167.96
8277,04/06/2021,37,152.95
8684,07/09/2022,25,79.89
7859,28/11/2018,26,162.24
2680,27/12/2021,67,171.72
3414,29/08/2022,56,27.43
7495,25/10/2020,48,54.8
6493,09/06/2022,19,36.14
8349,14/06/2021,1,182.11
9647,16/05/2020,15,157.47
8489,09/05/2018,15,168.97
5772,29/05/2020,1,126.81
6908,19/05/2018,68,113.38
7116,04/06/2019,96,13.09
6447,01/10/2018,6,76.94
8840,17/07/2021,24,164.18
1686,09/10/2019,40,107.92
1783,09/11/2022,84,73.07
7334,26/11/2019,24,104.28
7955,11/06/2018,56,124.47
6021,02/07/2020,78,146.36
6776,13/06/2021,56,62.17
3621,05/03/2018,19,171.25
6933,24/02/2020,73,16.15
3255,20/12/2020,47,85.63
9482,03/03/2020,72,32.37
9047,14/02/2019,16,35.79
6236,29/09/2021,45,144.81
3852,14/06/2022,47,106.66
6912,08/02/2021,74,80.09
8842,12/12/2020,53,156.14
9476,07/12/2019,17,176.81
3034,27/11/2020,20,67.78
9501,05/08/2019,11,57.62
3762,27/04/2021,75,39.3
5336,26/08/2021,27,155.72
5949,16/09/2020,32,162.89
7809,18/09/2020,60,48.76
6658,27/03/2020,17,154.53
3308,18/07/2018,7,65.14
6364,29/03/2021,93,69.42
9148,17/02/2018,12,189.59
9108,08/05/2021,84,137.78
6992,14/04/2022,52,79.53
2204,02/03/2020,65,95.57
6555,16/02/2021,47,153.44
6456,05/07/2022,61,108.67
5902,30/04/2021,44,106.39
2795,03/05/2020,75,68.46
4728,17/01/2022,7,120.87
2800,26/01/2019,3,93.8
8726,23/11/2022,95,148.21
7173,05/10/2019,23,97.34
5331,03/06/2021,62,46.53
5876,29/04/2022,37,143.93
5480,13/08/2019,16,118.96
5758,28/03/2018,37,191.51
4505,18/02/2019,69,61.52
1831,03/10/2021,68,52.88
3252,11/01/2018,71,195.8
4267,29/03/2022,37,71.02
1611,25/12/2018,54,177.63
5742,01/12/2022,5,11.76
9092,27/12/2022,18,171.7
8518,20/08/2021,33,146.53
3875,05/06/2021,82,180.44
3303,04/09/2020,42,187.81
6400,11/09/2019,75,147.35
2936,11/08/2020,40,40.35
4618,25/03/2019,18,100.85
9806,01/07/2022,86,166.86
2838,07/05/2018,71,181.55
4365,08/01/2022,75,102.88
1945,18/02/2021,60,137.83
2196,03/04/2018,55,75.46
1519,11/08/2019,53,44.2
7184,09/02/2020,11,139.72
3086,30/01/2022,29,168.62
7214,14/08/2022,30,57.03
2848,07/03/2018,85,89.66
1797,17/05/2019,95,18.4
3295,28/10/2020,38,54.49
9540,29/03/2019,53,67.1
6642,10/08/2021,86,82.42
9813,27/08/2020,31,171.37
7824,15/02/2021,68,35.48
7079,09/07/2018,69,147.67
2192,21/01/2019,98,121.64
1251,10/03/2019,25,192.79
7498,06/05/2019,71,71.11
6892,16/11/2020,64,98.54
4625,27/02/2022,19,13.08
5026,19/10/2020,71,134.38
9037,01/08/2020,22,149.23
9882,07/08/2021,8,109.55
4791,20/05/2018,91,38.7
8916,12/09/2021,63,12.99
5697,05/02/2018,65,164.5
4144,23/06/2021,68,57.96
8520,03/03/2021,32,198.14
1519,11/07/2018,52,82.06
8109,13/08/2021,43,117.51
8790,10/07/2019,6,185.59
4394,17/04/2021,19,152.93
7375,18/10/2021,70,73.03
8161,21/04/2019,10,74.71
9038,13/04/2019,46,115.08
5839,23/06/2022,32,145.49
7383,11/10/2019,47,30.24
2430,19/01/2019,56,95.28
6315,04/11/2022,50,12.34
4977,17/03/2021,67,42.22
2036,09/12/2018,56,62.43
9123,01/05/2021,79,47.15
7224,05/07/2022,43,93.64
8848,06/10/2019,23,193.27
4971,30/10/2019,49,63.26
9939,04/01/2019,88,155.85
2133,05/08/2022,53,137.87
7176,01/06/2018,58,198.23
7853,18/01/2021,5,160.24
3725,18/08/2021,79,18.42
5239,31/03/2019,66,151.9
9199,05/11/2018,45,199.56
3321,15/12/2019,40,75.18
8412,16/10/2019,9,67.05
3692,25/02/2022,32,108.04
7636,13/07/2021,24,45.41
8037,07/03/2020,1,143.9
2667,26/06/2022,69,45.52
9646,01/08/2021,41,123.42
5873,12/06/2021,76,26.1
3316,12/11/2020,50,89.47
3838,10/02/2021,22,103.03
6882,20/01/2018,63,35.94
8272,27/09/2020,22,25.71
3755,18/05/2022,59,117.47
7010,15/01/2021,97,17.91
5055,02/09/2019,5,95.45
4882,06/03/2019,95,121.71
4390,08/07/2022,8,118.31
5380,24/10/2022,66,197.24
5543,11/11/2022,84,34.11
7434,29/09/2020,19,119.71
2525,05/04/2020,66,152.46
2526,05/02/2022,59,130.62
4470,10/10/2020,35,71.34
6631,29/10/2021,98,19.2
8479,02/01/2018,55,48.44
6905,28/05/2019,11,80.65
4836,29/05/2020,84,27.33
9510,24/10/2021,57,11.76
2160,14/04/2019,50,26.97
3181,06/08/2021,87,37.14
3480,23/04/2020,79,140.45
7291,21/12/2019,55,69.76
5668,15/05/2022,89,15.1
5842,16/08/2021,7,158.92
2163,17/12/2020,2,197.51
9951,30/10/2021,23,154.92
1990,05/06/2022,51,106.26
3501,23/07/2019,11,68.88
2083,28/09/2019,90,93.12
1901,26/09/2019,86,150.92
9133,12/12/2019,67,108.27
2934,29/04/2022,4,73.65
2262,13/10/2020,59,107.05
2685,21/03/2021,87,147.33
8729,16/01/2020,50,184.84
7870,05/04/2019,42,57.17
1862,03/01/2019,29,162.82
6090,02/11/2019,12,115.09
4974,08/08/2020,48,122.42
3466,14/01/2018,53,14.54
6038,01/08/2018,27,110.66
5584,10/07/2018,6,185.04
9280,01/10/2018,82,165.79
5276,09/10/2022,41,185.95
4321,06/10/2018,100,156.33
2978,02/01/2021,46,193.28
3582,12/07/2022,88,67.8
5066,30/12/2019,51,107.56
8408,12/02/2021,96,114.52
2010,28/08/2022,100,196.69
2376,07/04/2021,76,59.18
3110,08/07/2018,43,33.28
7471,13/10/2020,4,82.72
8307,15/12/2022,20,16.58
2437,27/07/2019,50,36.07
7266,21/05/2022,92,78.23
3946,23/02/2018,41,123.45
4813,23/11/2018,13,57.09
4594,25/03/2021,50,77.41
6878,26/04/2021,4,143.66
9064,15/01/2021,40,43.36
8831,02/01/2018,43,184.4
6301,02/05/2018,3,38.07
7120,13/12/2021,85,85.16
8157,10/06/2022,82,192.53
6846,03/04/2019,86,121.9
1029,08/12/2021,74,84.4
4619,02/08/2021,73,29.78
6234,10/12/2018,82,178.21
2110,19/12/2019,33,159.53
7783,06/10/2020,49,76.73
4695,30/11/2018,58,24
6600,15/12/2018,49,40.57
1507,02/06/2020,84,41.35
7705,28/11/2021,71,147.19
9043,11/11/2018,7,78.56
4271,18/07/2018,4,49.32
8715,28/09/2020,85,60.35
1731,24/06/2019,57,98.36
2584,25/06/2018,86,75.32
7858,01/01/2021,88,174.71
1568,25/10/2020,74,181.09
3738,10/03/2019,25,33.98
3422,05/09/2022,77,59
5525,30/11/2020,59,184.26
2641,05/08/2018,73,158.11
8750,18/03/2018,23,62.33
4892,11/04/2018,96,100.29
5593,23/09/2022,63,173.06
6257,06/07/2019,94,89.19
8937,05/04/2022,67,174.77
9589,06/12/2022,73,15.5
6904,14/12/2021,26,62.06
7102,28/09/2020,77,94.76
2480,07/08/2019,4,83.45
5408,27/08/2021,53,107.52
1138,04/04/2019,33,125.59
5128,23/03/2019,60,67.41
7131,23/02/2021,83,122.82
5529,04/08/2021,42,173.68
1930,08/07/2022,77,86.78
5250,07/05/2020,52,83.77
8794,07/10/2021,46,106.39
3999,24/10/2021,43,134.34
6428,01/02/2020,34,121.26
2166,25/08/2020,25,105.09
4281,03/12/2019,53,197.57
8988,13/11/2019,81,197.46
3762,26/03/2021,98,40.1
8821,25/02/2020,1,17.17
9700,26/01/2019,3,138.58
7284,27/10/2020,76,68.16
9587,23/11/2019,56,178.72
3701,21/07/2022,52,13.63
3017,21/01/2020,92,133.6
1796,01/05/2021,7,135.77
9966,02/06/2019,61,143.35
5423,29/06/2021,78,143.14
2741,16/10/2020,26,125.71
9980,13/10/2020,27,140.76
2809,07/09/2022,74,137.11
5192,12/08/2021,30,96.78
1646,12/10/2022,38,78.44
1751,20/01/2018,18,136.04
2522,03/02/2020,44,44.75
8835,27/06/2022,54,133.28
3611,01/08/2018,54,183.13
1472,02/11/2022,88,177.19
1753,10/05/2018,34,134.44
9570,10/11/2021,90,127.47
3435,15/09/2022,72,179.49
9123,16/11/2022,22,24.22
4648,01/02/2021,83,81.94
9166,04/07/2020,41,32.55
1002,19/08/2022,12,160.44
1889,31/07/2022,29,170.42
2596,05/04/2022,85,52.13
9552,05/02/2020,90,30.2
2752,05/06/2019,79,47.23
6536,09/08/2018,97,88.75
9172,09/01/2018,68,149.88
3845,05/02/2022,17,29.68
5067,15/07/2019,51,193.08
9393,05/09/2019,90,114.08
6657,09/10/2021,17,196.45
7839,12/10/2021,96,179.83
3381,19/04/2018,86,20.75
2016,15/11/2021,38,48.76
4675,01/03/2022,83,116.64
7825,03/06/2022,88,69.4
8259,27/08/2022,29,183.18
3906,30/10/2021,10,45.53
3131,26/11/2018,75,170.74
6285,07/05/2021,7,157
6207,12/12/2020,29,191.83
4624,15/12/2022,28,136.03
8780,23/02/2021,97,196.42
4994,23/03/2018,88,178.28
9468,11/08/2022,99,81.24
9419,18/06/2018,13,41.81
7950,08/09/2022,14,49.06
6434,19/03/2018,12,23.92
5237,14/04/2020,50,95.71
1096,06/08/2021,93,127.49
5937,27/05/2021,12,63.49
9740,27/03/2019,18,151.88
7113,23/01/2018,71,176.21
9970,24/06/2018,40,49.91
3637,12/01/2019,29,127.21
1891,10/10/2022,97,187.15
8982,09/11/2019,46,34.36
8960,11/07/2020,43,127.11
8017,12/12/2018,1,69.51
6432,03/12/2022,62,97.94
2343,20/09/2022,36,173.16
2235,08/02/2018,65,130.01
9842,24/08/2020,84,157.29
5767,02/10/2018,60,105.21
3717,31/03/2022,66,36.67
3395,16/02/2022,94,101.87
7052,25/04/2019,6,137.03
6309,31/07/2018,91,194
7201,19/01/2020,76,134.13
6781,01/08/2022,45,102.5
2263,19/11/2020,83,63.35
4773,29/04/2020,43,146.85
7732,15/02/2018,32,18.2
1916,07/12/2018,34,185.26
2404,20/03/2019,58,125.24
3979,30/06/2021,85,107.05
7196,29/02/2020,17,30.63
1639,03/12/2022,69,105.63
1019,06/05/2022,87,133.35
8899,06/06/2022,99,82.43
2373,04/08/2019,77,176.59
9561,30/08/2018,67,11.37
5155,20/06/2019,69,90.48
8904,02/01/2019,48,116.23
7522,15/02/2022,18,172.45
4513,07/11/2020,52,159.36
3381,23/08/2020,77,92.72
7296,31/03/2020,79,134.67
8192,22/01/2018,26,171.61
4795,13/06/2021,22,138.06
5520,16/05/2022,52,77.09
2124,04/07/2018,71,64.05
4187,20/07/2020,52,119.23
5821,28/11/2019,15,162.56
4985,01/04/2022,44,192.64
5224,19/05/2018,49,130.4
9776,20/01/2018,90,168.11
2245,09/02/2021,23,100.55
4115,18/10/2020,95,47.94
6833,16/11/2018,100,30.27
1692,03/10/2022,62,80.53
5501,02/10/2020,24,197.03
7933,06/09/2020,70,16.19
2972,01/12/2021,67,97.41
6924,08/06/2021,34,45.56
4013,18/10/2020,55,50
3148,25/03/2021,88,53.43
4212,26/10/2018,95,38.41
9470,29/12/2020,93,69.99
2621,15/11/2021,21,21.41
5256,10/01/2020,47,116.47
4259,27/03/2021,74,133.47
8322,27/12/2022,11,82.4
6527,13/05/2020,81,126.34
5773,25/12/2021,35,125.02
9535,11/07/2020,53,41.79
2311,08/03/2019,22,85.44
7504,09/12/2020,98,199.24
7387,26/09/2019,30,57.01
1468,13/03/2018,85,77.8
9987,30/06/2020,18,194.21
9576,03/08/2021,82,111.42
6992,24/04/2020,34,39.59
5698,18/08/2020,69,11.58
4788,20/06/2022,1,114.16
7385,24/08/2022,49,51.91
5454,07/08/2019,84,151.16
2808,28/07/2021,59,127.37
9764,15/02/2018,24,194.74
2477,05/11/2018,2,103.78
8597,28/11/2021,5,72.75
3975,29/01/2019,33,165.28
8257,22/05/2019,95,198.96
4415,26/08/2020,50,139.47
9534,08/09/2018,33,101.43
2850,29/04/2019,82,92.49
4982,19/01/2018,6,120.4
2497,05/11/2021,80,74.3
2759,15/09/2018,63,54.21
3207,29/05/2019,6,102.21
9906,14/12/2019,42,149.16
5314,14/01/2021,47,96.28
4912,19/10/2019,93,22.03
5638,23/10/2019,53,131.77
3126,01/01/2019,5,48.4
9026,12/12/2020,80,143.25
4419,04/09/2021,63,186.4
7814,11/08/2022,48,160.91
2276,19/03/2019,67,28.45
3931,17/02/2021,96,116.05
2705,08/12/2018,24,114.49
6163,31/01/2021,42,170.52
9939,15/03/2019,49,155.48
1567,06/08/2019,77,13.1
6159,14/02/2018,99,166.17
5341,22/01/2020,75,57.47
2264,21/01/2022,42,160.65
2562,04/05/2021,83,67.07
8115,03/05/2020,16,175.26
9591,26/03/2018,41,112.59
7436,01/07/2020,97,123.08
6507,19/06/2018,61,118.57
3136,10/04/2022,18,101.38
9589,20/05/2019,32,23.61
7776,17/05/2020,47,76.18
6729,16/06/2021,57,128.4
3555,01/04/2022,94,172.03
5713,29/01/2018,44,141.82
9814,10/03/2019,27,113.82
1301,11/02/2020,75,182.15
5444,19/04/2018,60,134.4
6901,06/11/2022,14,13.62
6168,19/09/2020,77,111
1352,23/03/2018,32,185.23
6765,29/12/2019,81,67.44
1482,10/02/2021,36,52.86
4726,04/05/2020,31,118.85
4387,29/08/2021,18,120.4
3215,30/05/2020,99,37.58
4016,13/10/2019,19,148.15
5485,08/11/2018,100,45.71
4783,06/05/2021,30,53.87
8680,29/12/2021,84,81.05
7694,15/04/2022,2,185.83
2083,29/12/2018,57,174.75
1685,30/05/2021,95,166.62
9605,06/08/2021,91,159.51
5025,28/11/2020,69,85.17
5770,19/06/2020,51,178.04
9470,19/10/2018,60,167.68
9952,05/10/2018,51,88.58
4308,13/12/2022,59,27.13
8362,22/07/2021,47,26.21
6491,04/03/2021,85,173.91
6071,04/02/2022,99,192.58
5146,26/01/2018,59,104.55
8794,18/07/2020,53,93.96
4401,11/04/2018,24,38.17
5889,10/11/2019,12,19.32
3906,21/07/2020,96,120
2108,03/04/2022,55,170.23
6393,15/12/2020,53,109.68
2436,17/09/2020,93,140.84
6797,23/09/2018,79,116.9
5759,01/02/2019,1,32.46
7793,27/04/2020,6,73.42
2111,23/09/2019,39,106.27
1477,01/09/2022,23,46.86
8888,15/11/2018,81,97.52
9537,06/09/2019,73,147.74
6793,16/05/2018,20,63.29
7382,19/01/2019,77,32.2
4893,01/02/2020,58,167.6
1612,12/05/2022,26,183.54
6572,17/09/2020,94,176.04
9456,17/10/2021,17,48.99
6095,01/04/2018,88,171.14
6119,16/02/2018,74,154.11
8227,06/10/2021,16,61.8
2677,28/02/2019,70,76.56
5011,17/12/2018,10,69.16
1826,05/08/2018,50,20.22
8304,16/06/2021,46,69.36
3159,10/07/2018,90,98.97
4796,04/04/2019,19,173.61
6320,17/07/2020,63,15.75
6711,22/05/2021,74,34.2
2162,11/06/2022,39,111.22
8903,26/02/2020,9,74.74
3835,19/09/2021,86,24.8
8294,27/12/2018,40,191.62
6364,09/10/2020,83,135.43
1003,31/03/2022,19,135.57
6187,06/09/2019,73,160.93
1133,06/06/2021,66,86.8
1013,11/12/2021,72,165.94
7459,04/07/2021,41,145.24
3278,21/01/2019,72,83.07
3200,24/01/2018,10,133.19
3248,08/08/2021,54,173.43
7303,29/12/2019,29,45.3
7731,23/01/2021,74,79.72
2311,18/10/2018,94,148.95
5017,25/08/2020,81,150.92
1176,18/08/2020,59,107.41
5738,10/12/2018,5,142.06
1845,06/09/2021,38,163.69
5552,01/06/2019,17,127
3476,11/09/2021,58,80.26
9640,01/11/2022,5,75.14
7765,27/04/2022,50,55.21
5331,28/03/2022,15,19.98
9724,24/04/2019,49,139.87
5731,21/06/2022,58,82.58
8074,04/06/2021,84,173.09
7408,02/08/2020,99,138.31
6132,26/01/2021,2,137.83
6759,26/03/2019,93,63.83
4552,12/05/2021,82,33.14
4027,16/08/2018,90,45.01
5528,25/04/2022,55,141.52
7271,06/03/2020,43,199.23
4287,03/06/2021,51,43.9
2740,23/06/2020,92,59.21
1307,16/10/2020,20,134.04
7411,22/03/2021,1,107.92
2148,11/01/2021,29,10.63
5961,31/03/2020,8,130.13
8530,07/04/2022,99,65.09
5896,26/11/2021,50,180.33
3292,15/03/2018,25,14.82
9186,29/12/2020,58,193.65
7643,31/08/2018,28,163.35
3319,28/09/2020,84,13.62
1818,22/09/2019,13,96.68
4613,10/05/2018,26,90.98
6268,10/09/2022,28,155.2
3753,27/11/2021,48,115.15
7162,12/05/2022,21,12.97
5648,02/05/2020,89,163.41
7750,05/05/2019,23,126
5934,14/12/2019,54,10.87
6929,02/11/2022,98,197.49
4173,19/08/2018,20,140.2
6966,07/08/2019,27,92.59
3881,20/11/2018,4,102.16
6340,08/05/2020,26,151.95
7759,17/11/2022,26,81.35
3374,19/03/2019,79,96.45
5418,19/02/2019,43,34.17
3804,07/04/2022,44,51.77
3784,29/03/2021,71,172.45
8757,11/09/2022,60,63.04
3440,20/03/2021,1,89.38
7974,23/12/2020,51,101.06
7662,23/03/2019,17,78.1
8524,24/10/2022,74,151.98
4030,06/06/2022,48,129.09
5859,22/05/2020,97,61.26
9433,13/10/2021,47,178.72
3871,20/08/2021,72,143.93
8839,19/02/2022,97,120.22
7929,22/07/2019,7,22.04
9714,21/10/2021,69,180.9
2075,21/01/2019,59,26.59
5521,18/08/2018,90,38.11
9870,28/09/2018,61,75.87
4806,06/09/2022,67,132.49
9686,21/09/2022,71,94.6
4715,18/09/2020,48,194.44
3634,28/12/2021,69,64.2
3072,21/06/2020,34,80.24
8347,10/01/2021,21,111.39
8504,18/10/2019,20,10.82
3409,26/06/2022,73,148.42
3284,20/10/2021,71,32.21
6347,23/04/2018,78,131.85
2431,14/11/2020,51,46.95
8006,28/01/2020,50,80.84
2435,18/03/2019,94,178.68
7944,01/02/2022,54,36.52
6495,16/05/2018,76,153.66
8571,25/12/2021,73,153.5
1691,13/08/2022,39,168.57
1040,12/11/2018,34,67.03
9059,09/11/2021,83,56.5
6927,05/04/2021,62,117.46
1287,28/09/2022,34,40.94
3675,19/04/2018,35,78.62
9419,01/02/2019,99,129.33
5932,10/07/2019,88,142.61
3243,27/11/2020,37,80.87
3532,27/10/2020,29,168
1284,09/09/2020,45,69.2
6604,19/12/2018,91,67.89
6036,14/09/2018,27,34.74
8934,01/04/2022,56,18.08
2948,03/06/2019,6,22.59
4277,14/01/2019,86,76.79
6698,23/12/2019,21,172.48
4555,05/01/2022,25,193.21
9260,10/10/2022,91,100.2
7219,18/05/2020,28,107.71
9515,06/10/2018,64,154.83
8486,14/05/2021,95,69.28
4093,21/10/2022,9,180
2723,22/03/2020,57,109.31
2666,27/02/2022,22,22.29
4815,13/09/2022,55,147.79
6834,01/09/2020,86,124.6
3001,29/05/2019,63,104.48
1438,02/01/2019,49,124.87
9518,21/04/2022,64,160.62
6629,16/07/2022,70,113.86
7165,25/06/2020,59,16.84
6119,05/01/2022,50,102.62
8797,25/02/2021,21,106.27
6779,19/04/2022,37,70.89
1440,17/04/2022,81,74.84
5001,23/05/2019,31,133.14
9821,30/10/2019,5,97.57
6185,13/02/2020,74,84.16
9237,20/07/2022,98,136.8
2234,18/09/2022,69,50.68
2506,09/01/2022,75,28
4436,13/12/2019,10,133.79
7591,30/05/2019,80,107.92
9178,13/03/2019,85,192.8
8106,05/03/2021,94,129.08
5919,25/09/2022,56,87.95
3631,10/06/2019,88,124.23
6087,08/08/2020,63,116.37
3235,01/03/2018,34,160.04
1326,24/04/2018,11,69.64
2479,23/03/2020,93,170.12
9605,31/05/2019,64,178.07
7388,09/07/2022,96,151.35
8200,16/04/2020,33,173.95
9941,17/05/2020,61,139.72
1345,14/08/2021,78,16.61
6945,22/07/2022,88,33.19
5186,09/09/2019,12,187.9
6196,07/12/2022,99,132.44
8718,18/02/2022,53,186.03
5275,02/11/2020,9,76.85
4010,14/07/2021,57,160.29
2347,15/08/2018,21,57.42
3187,18/06/2019,23,140.62
7182,06/09/2022,74,52.65
3764,12/04/2018,52,127.42
2922,29/01/2018,92,109.91
5361,13/08/2019,96,103.89
5636,28/01/2022,87,45.98
4858,19/06/2021,58,182.39
7513,07/11/2021,28,145.53
4847,22/08/2020,46,199.38
7466,06/10/2021,48,35.13
8669,28/09/2018,12,70.29
9179,21/11/2022,36,152.09
5321,24/11/2020,41,92.8
8208,19/04/2018,25,38.24
8150,26/08/2018,64,17.75
3425,11/09/2018,45,27.78
4479,10/04/2021,1,109.94
2545,23/12/2022,43,14.93
6300,11/11/2018,4,25.4
6397,31/03/2018,84,128.25
3118,09/03/2019,7,162.3
7248,09/07/2018,52,58.48
7592,07/08/2019,83,152.99
6080,03/11/2021,78,34.94
8805,04/07/2019,73,124.06
7979,10/07/2018,6,107.53
9638,13/07/2021,83,109.69
3434,19/09/2018,88,181.55
1738,17/11/2020,14,107.02
6823,06/06/2019,75,25.54
7438,03/04/2018,11,89.09
5342,01/12/2019,24,50.1
1095,19/03/2020,15,12.53
8974,13/09/2019,80,164.5
4126,18/08/2018,3,142.25
8139,21/09/2022,81,173.06
1357,27/08/2018,22,181.46
4298,27/08/2019,73,167.6
8074,01/05/2020,64,150.04
8993,20/04/2019,92,21.53
7834,26/12/2022,61,32.22
4149,19/08/2020,45,93.24
8675,26/09/2018,38,147.37
8738,26/06/2022,21,128.15
9063,26/07/2018,54,189.18
6878,10/12/2022,34,77.84
2043,23/11/2019,56,31.65
6820,25/04/2022,6,156.32
2706,17/12/2021,7,186.06
2669,14/08/2022,72,17.97
3572,31/01/2022,38,144.55
3014,04/10/2022,26,93.43
9274,17/12/2018,11,60.54
9677,13/05/2020,30,36.22
9456,16/06/2022,88,78.74
2140,23/06/2018,44,69.81
3473,22/03/2021,8,195.77
5986,17/01/2022,96,69.6
3406,05/12/2021,52,94.78
7627,08/05/2022,26,177.39
3064,01/12/2020,70,63.95
1456,29/12/2022,70,122.58
1982,20/09/2022,48,59.35
5881,18/03/2021,95,10.99
9737,26/09/2022,77,54.43
3293,02/01/2022,49,108.74
6919,19/07/2020,13,37.85
8802,16/03/2019,58,24.83
8210,12/11/2021,63,149.03
3119,13/12/2021,66,174.02
7051,01/09/2018,78,171.94
2929,31/01/2020,40,198.29
7910,10/04/2018,40,178.92
6712,19/05/2018,6,89.34
3175,10/04/2022,18,105.91
2463,27/06/2022,80,136.26
8259,16/02/2022,36,132.72
3028,11/08/2021,72,26.18
9713,04/01/2019,3,62.24
2386,11/07/2022,69,125.3
3957,29/04/2020,4,173.33
3755,08/08/2019,19,44.71
6329,07/01/2019,4,145.53
5225,09/02/2020,16,19.86
2885,06/07/2019,8,70.48
1305,06/07/2019,71,193.06
7664,02/07/2020,11,170.79
9806,17/05/2020,72,95.83
3742,02/01/2018,8,187.37
6757,22/09/2022,81,50.42
2469,20/03/2020,90,33.37
6215,16/12/2022,88,189.63
4450,30/07/2020,77,72.41
3843,26/04/2020,72,180.1
2270,08/01/2021,4,179.59
6864,03/03/2020,23,169.44
4629,02/03/2022,3,154.1
4623,25/04/2019,64,193.79
1116,06/02/2019,82,85.26
3875,14/05/2018,76,34.37
9570,01/02/2022,36,46.45
7997,05/08/2021,87,189.18
9491,13/08/2020,64,78.68
6181,11/01/2018,51,46.98
2219,27/05/2019,26,41.25
1393,28/04/2021,81,187.66
1891,10/08/2022,43,108.74
8314,31/03/2021,16,26.25
3089,07/05/2018,57,20.41
7249,02/04/2020,13,127.29
8428,26/02/2020,60,161.08
9474,04/11/2019,76,46.57
4172,19/03/2021,17,131.1
4983,09/10/2018,6,21.49
9866,08/05/2022,19,38.01
3369,28/04/2018,31,106.35
4297,28/05/2022,9,74.89
6499,15/06/2021,39,89.55
4594,08/01/2018,82,52.37
6431,12/07/2022,95,81.42
6863,03/03/2018,72,31.89
1719,02/03/2018,26,47.59
5029,01/01/2019,26,14.08
2818,25/11/2019,27,67.96
8106,04/12/2022,92,22.42
7131,14/10/2019,77,91.61
5819,06/06/2022,20,72.26
9011,05/03/2019,94,25.47
9342,06/02/2020,64,108.59
9106,28/08/2020,35,120.43
7486,24/03/2019,40,90.75
3200,20/03/2022,11,66.06
7981,12/07/2020,60,92.18
4830,28/06/2019,83,24.42
5528,12/04/2019,13,32.53
5096,12/09/2019,96,164.96
9898,19/06/2019,2,156.31
1194,24/08/2020,84,107.4
4829,22/11/2020,76,159.34
8025,27/04/2022,90,89.36
3102,18/09/2019,95,11.84
9808,06/09/2019,42,121.52
7404,20/02/2020,27,190.25
8397,01/08/2021,39,27.72
4058,12/02/2019,9,183.16
8449,28/04/2018,48,108.52
2814,22/09/2018,69,89.5
4369,27/09/2019,56,165.4
9232,07/01/2022,88,97.2
5044,12/12/2020,43,182.96
8476,12/12/2019,90,170.1
5081,03/01/2019,80,149.32
7447,01/12/2021,6,55.54
2093,30/11/2021,93,147.26
7041,06/06/2018,97,29.99
8572,24/02/2018,10,131.38
1618,22/01/2018,33,31.79
2352,28/01/2021,85,56.04
1295,28/05/2021,13,43.67
5476,11/11/2018,57,78.04
1782,10/09/2022,82,164.19
1797,01/05/2022,49,155.75
1457,30/01/2018,44,165.9
3750,22/01/2022,22,18.36
9875,20/03/2020,55,32.95
6181,25/01/2018,50,50.43
1719,18/05/2018,28,88.11
3809,31/05/2019,13,123.97
6209,10/10/2022,86,101.6
4808,28/10/2020,76,143.88
4873,20/02/2022,55,153.88
7156,23/02/2019,83,17.2
1648,02/12/2020,54,133.13
4372,09/01/2021,7,182.26
8247,13/07/2021,1,22.28
4345,15/09/2018,12,43
3689,17/01/2022,26,56.54
4299,11/07/2019,62,25.2
8101,07/04/2022,20,165.72
5918,03/05/2021,69,39.03
8878,28/05/2018,43,35.96
9203,04/02/2022,93,81.11
9020,23/09/2019,83,197.63
3660,02/02/2019,98,92.9
1945,26/08/2021,50,186.04
1462,29/11/2021,86,132.61
3644,26/01/2018,15,156.48
4093,30/11/2022,55,41.51
7271,15/04/2021,40,149.45
3338,05/07/2019,96,49.81
2587,24/05/2018,100,142.3
3200,10/02/2019,63,44.58
3993,16/07/2022,98,46.46
3721,13/06/2018,38,26.28
8949,09/10/2021,98,29.15
1685,18/07/2018,28,109.24
8961,27/08/2020,97,74.04
4925,10/01/2020,86,85.71
7583,25/01/2022,18,14.88
8404,20/06/2021,88,135.19
6278,04/02/2018,82,78.44
2333,15/12/2019,55,188.43
3345,17/11/2022,67,176.48
9990,27/11/2022,60,41.93
3792,23/03/2022,85,142.98
6349,25/02/2020,99,63.27
9757,21/07/2021,93,103.47
6623,12/02/2020,92,151.16
2436,17/08/2018,12,74.65
7229,27/03/2021,95,10.32
6980,22/06/2022,87,187.45
6176,24/10/2018,38,169.07
1562,11/05/2021,41,68.69
4534,10/10/2020,38,143.79
4450,03/10/2022,94,187.54
7419,05/09/2019,85,183.35
6706,01/04/2022,51,84.3
7451,19/07/2018,17,71.45
8904,20/08/2019,19,49.86
3418,11/02/2020,55,139.09
1859,29/08/2018,66,133.52
4946,23/03/2020,63,67.51
2468,12/05/2022,60,174.33
2910,19/06/2018,16,102.95
2549,15/06/2022,76,44.41
9806,14/01/2019,52,164.44
9004,11/05/2018,67,169.06
3948,11/01/2018,72,94.97
2438,25/02/2021,33,171.78
9919,18/12/2018,55,195.65
5807,11/09/2021,69,94.53
9818,11/11/2020,27,140.71
4526,02/10/2018,78,114.89
5177,18/06/2019,49,133.46
3346,02/01/2021,27,23.41
9379,23/05/2021,21,89.74
5055,08/06/2018,35,33.68
6464,13/05/2022,35,37.8
7203,04/08/2018,16,43.39
5620,03/02/2021,35,125.42
9711,03/02/2021,77,177.58
3547,08/09/2021,17,37.11
5081,20/10/2021,78,89.47
5699,19/07/2019,55,108.91
6123,28/09/2022,12,130.59
5683,08/02/2021,64,163.59
9156,20/11/2020,88,199.61
1119,02/01/2022,55,143.49
9652,01/11/2021,78,18.05
4687,25/12/2018,10,79.74
7115,20/08/2018,44,183.67
1036,20/02/2022,81,118.08
1580,06/08/2020,80,171.19
2755,11/01/2018,45,179.14
2388,19/12/2020,66,180.72
5098,09/04/2019,61,85.12
2780,17/06/2020,85,169.48
4251,15/08/2018,25,64.13
4260,08/09/2020,86,196.76
3087,28/10/2019,97,155.23
3066,15/11/2018,45,105
1131,08/06/2020,62,65
9376,18/01/2019,32,63.42
4250,28/08/2020,91,158.72
3436,15/04/2019,16,35.14
4270,06/07/2018,7,82.27
7997,11/08/2021,7,67.82
6240,08/04/2018,24,17.77
2650,01/06/2020,24,57.93
3134,10/11/2019,47,150.85
2429,22/12/2022,14,34.79
4120,31/01/2019,91,94.7
8769,08/04/2022,26,111.38
6690,20/01/2020,58,129.67
9255,08/06/2022,3,41.72
4116,25/02/2022,51,104.05
7393,31/03/2020,78,61.58
9401,21/07/2020,65,144.47
2951,17/12/2018,29,18.67
3178,08/07/2019,7,132.06
7047,27/10/2019,11,189.82
1938,05/07/2021,2,166.55
2743,19/01/2022,96,140.74
7479,15/11/2018,58,54.03
8526,14/01/2019,23,45.88
3911,02/08/2022,51,140.6
7594,25/07/2018,93,110.09
1716,28/09/2018,32,156.32
1153,10/06/2022,14,113.05
8279,29/07/2022,21,68.4
9906,10/09/2018,3,166.74
1019,05/04/2019,4,53.07
7303,07/11/2021,92,166.33
5617,02/01/2020,10,126.98
3475,31/12/2018,55,110.79
5702,15/12/2019,14,61.51
2251,04/06/2022,1,173.73
8838,27/07/2022,9,31.5
7308,24/12/2019,41,103.9
5028,24/02/2020,54,114.37
4593,10/12/2021,12,54.69
3188,14/08/2018,8,183.16
7898,12/05/2019,27,167.29
1431,26/11/2021,55,80.62
3406,19/01/2020,19,25.01
3988,20/08/2020,96,36.62
1216,11/08/2019,15,39.62
8443,08/02/2021,92,167.61
9544,13/02/2020,17,151.2
2264,31/07/2022,89,99
7950,03/02/2019,35,30.6
5623,30/11/2018,70,30.23
1530,08/05/2019,35,26.16
1138,01/01/2020,97,63.66
3122,10/12/2021,87,28.5
7260,03/09/2020,76,175.07
2528,11/01/2022,30,178.04
9573,24/04/2022,44,95.02
1655,30/12/2022,92,157.09
3496,07/03/2021,81,198.94
2428,18/10/2020,13,96.41
2461,26/05/2018,23,145.02
8242,24/08/2021,18,188.57
3113,21/06/2020,47,107.37
1699,25/06/2021,83,20.84
7541,15/10/2022,10,52.38
8616,12/08/2018,11,44.25
6198,03/12/2019,78,102.4
8699,26/10/2018,82,50.56
8756,14/03/2019,7,50.18
2134,15/07/2019,52,25.52
1880,09/07/2018,55,74.98
9773,11/11/2021,21,193.46
4253,09/06/2018,93,136.91
6185,30/01/2018,20,180.34
7658,23/06/2019,67,147.23
1597,24/03/2019,96,196.02
4131,23/10/2021,74,191.47
3043,03/12/2021,64,133.29
9571,16/04/2022,43,31.54
9892,11/06/2020,49,64.16
2625,29/06/2018,14,27.03
9924,24/07/2018,82,94.38
7243,23/08/2018,26,172.71
7484,16/01/2018,48,158.62
7794,10/10/2021,31,10.79
9502,07/08/2022,95,123.99
7412,30/01/2019,79,132.44
3846,05/04/2020,41,108.28
7422,23/09/2022,98,129.19
8166,24/01/2018,81,156.31
7265,21/02/2018,96,149.49
4175,01/01/2021,32,148
1379,31/07/2021,75,174.72
5292,05/01/2019,12,24.7
2205,23/09/2020,81,24.5
3639,04/01/2019,39,11.93
9953,11/01/2018,21,109.13
9384,08/04/2022,20,51.1
2367,30/01/2022,89,188.57
5822,14/08/2020,96,163.71
5605,15/03/2020,14,120.89
8309,17/05/2020,77,151.95
7126,19/07/2021,9,95.39
9691,23/12/2019,51,15.69
4525,07/09/2021,48,80.67
4502,11/08/2020,73,161.1
2686,22/02/2021,36,146.09
4246,08/02/2019,7,162.52
3803,16/05/2021,42,122.32
1076,03/08/2020,37,34.9
1266,23/05/2018,61,28.07
6131,08/10/2020,79,18.94
7126,19/06/2021,14,15.56
8138,09/04/2019,22,26.72
1705,15/08/2018,7,189.96
5422,01/12/2021,22,185.72
7771,28/07/2021,58,136.96
8908,08/04/2019,12,60.12
4373,24/11/2021,10,24.28
7308,20/01/2019,63,29.86
3523,03/10/2022,65,30.08
9412,20/02/2019,100,86.04
2672,29/10/2018,60,176.48
8802,17/09/2021,68,96
3467,23/03/2020,65,91.86
7267,08/02/2022,55,46.85
9497,06/06/2020,14,139.42
5361,04/05/2019,9,111.11
7437,27/07/2018,29,149.45
5718,16/12/2021,77,64.72
6002,13/10/2022,89,55.34
1208,26/09/2021,61,91.31
1159,01/05/2021,46,194.21
1284,07/03/2021,88,198.18
6499,15/07/2020,63,149.61
5933,25/12/2021,43,179.36
3423,20/04/2020,29,135.28
8056,07/01/2020,27,151.43
9927,09/07/2020,68,43.24
6067,26/01/2019,6,120.11
6685,14/08/2019,15,194.2
3664,14/09/2019,63,64.77
3022,19/04/2018,63,68.11
6737,05/12/2022,37,159.2
8078,13/04/2021,11,65.25
7328,15/05/2020,52,193.71
8140,22/10/2021,42,162.83
5997,25/06/2018,39,117.67
3270,14/12/2020,57,141.89
8557,26/02/2018,72,15.02
4975,03/04/2021,66,80.89
1097,05/08/2020,98,176.23
2753,14/11/2019,77,28.51
9369,23/02/2022,92,20.07
3535,09/09/2019,81,69.07
3507,21/05/2021,16,108.77
7401,24/04/2018,16,66.99
8194,26/10/2022,85,127.26
4943,16/12/2018,66,150.92
9076,23/01/2020,86,62.28
5643,25/07/2020,16,117.2
8282,29/03/2018,46,192.93
9244,08/03/2019,45,181.48
6558,30/07/2020,92,173.15
2117,15/09/2022,83,101.91
9608,15/06/2019,17,142.58
4796,17/07/2018,86,30.18
4876,04/08/2018,23,148.35
1613,01/10/2022,96,23.85
7187,30/09/2018,82,119.02
4296,28/02/2022,21,92.47
4334,10/03/2018,18,179.73
9653,13/10/2020,25,168.16
2100,17/06/2020,55,128.84
9170,18/04/2019,7,124.28
5118,10/03/2020,91,78
9192,02/10/2019,52,127.54
1528,24/11/2019,54,59.57
2021,28/04/2019,64,23.85
2320,23/12/2022,71,100.97
4690,24/08/2021,45,91.99
4214,30/12/2020,78,173.46
8040,07/12/2021,55,114.41
6763,01/02/2019,44,92.94
9785,09/03/2021,6,198.28
3958,02/08/2019,6,69.68
2258,06/06/2018,33,188.29
4609,27/06/2020,92,67.52
6224,30/11/2021,70,105.65
5583,10/06/2018,27,183.29
3325,15/03/2018,31,142.68
7294,08/09/2019,11,21.35
4677,26/02/2019,49,45.04
1425,31/05/2021,97,179.7
8111,09/11/2022,55,158.7
5709,25/10/2022,69,98.07
4903,28/09/2018,2,63.33
7465,21/03/2018,79,62.11
3036,21/09/2019,73,135.55
1606,05/01/2020,62,131.17
6145,12/05/2018,57,44.16
3406,20/11/2022,80,134.64
8214,02/04/2021,41,17.97
1264,21/10/2021,46,112.68
9372,08/06/2018,31,48.77
1404,31/10/2019,78,159.75
5817,27/06/2021,4,40.46
4464,13/07/2022,41,107.05
3458,20/02/2020,98,199.59
9982,12/02/2022,54,112.4
6192,06/07/2019,25,168.84
4782,22/07/2020,41,152.16
2305,22/12/2019,72,106.07
3052,06/01/2021,32,157.53
2932,16/06/2018,53,89.99
8439,01/02/2018,22,32.95
8068,19/02/2018,89,41.72
7919,27/12/2019,17,86.44
2765,19/01/2022,6,24.01
8138,16/08/2019,97,100.65
9345,21/06/2018,20,180.16
5576,03/05/2022,13,54.13
9326,25/09/2022,55,64.2
4451,31/05/2020,67,62.87
8973,17/06/2020,29,178.22
5565,16/10/2018,13,49.3
9813,25/06/2022,25,11.27
8288,02/12/2020,17,167.9
8082,07/10/2020,34,26.5
2295,05/03/2022,29,148.2
9402,08/10/2021,100,24.08
6202,25/01/2019,72,135.61
4607,11/10/2021,26,60.4
4253,24/07/2021,12,190.66
3918,21/03/2018,54,140.72
3950,03/12/2022,39,169.73
9903,12/09/2020,38,28.34
7960,26/08/2018,23,98.3
8925,17/09/2022,63,124.2
7701,05/05/2018,72,156.64
5271,22/04/2018,35,102.25
4625,18/03/2021,22,111.84
1345,02/07/2022,49,27.15
9497,08/03/2019,47,111.74
7125,10/11/2019,53,50.97
2679,24/10/2020,51,160.36
5051,11/03/2018,35,152.48
2391,06/06/2018,10,105.86
3487,15/07/2018,95,121.76
7965,15/11/2020,96,14.45
8723,11/02/2020,38,91.61
9736,03/11/2020,32,82.66
8409,04/04/2019,74,195.29
6089,12/11/2019,19,163.84
5095,21/06/2018,19,86.61
6535,05/09/2022,20,16.94
9007,22/01/2021,64,69.47
2334,04/08/2018,55,142.86
3722,09/02/2019,57,175.25
9594,24/09/2020,18,152.31
5441,06/12/2020,42,126.87
7082,29/11/2020,78,57.74
3217,03/12/2018,68,145.87
1091,01/10/2019,90,45.66
3563,17/05/2018,45,130.91
7982,11/04/2021,94,68.09
3497,30/07/2018,94,51.12
7274,08/11/2019,74,156.68
4546,07/07/2018,79,37.83
1855,08/10/2018,66,163.37
7442,12/02/2020,100,83.25
4504,07/12/2018,82,168.38
2970,16/02/2021,56,133.9
6668,31/01/2022,55,50.62
4208,24/06/2020,47,109.94
9237,27/01/2018,78,61.88
5492,04/07/2021,8,194.52
8756,16/03/2022,83,152.61
3898,19/11/2022,17,25.74
9914,23/07/2019,25,134.47
3772,16/04/2021,93,189.42
4161,17/08/2022,98,105.29
9281,18/04/2020,23,130.71
2410,05/03/2021,60,26.75
1329,20/04/2022,22,159.86
6042,11/09/2022,88,132.04
5570,15/10/2018,73,69.95
5249,29/11/2021,57,60.26
8367,26/08/2022,81,140.54
4451,09/12/2021,56,75.92
5406,05/07/2018,66,156.95
4054,31/08/2020,18,98.78
6281,07/12/2021,14,129.6
2641,19/01/2019,46,68.19
8126,05/02/2022,52,99.98
7572,07/09/2019,6,194.45
7565,29/04/2021,4,41.16
4251,09/03/2021,97,36.51
6670,28/07/2020,51,41.41
4024,29/04/2019,27,92.94
8820,23/11/2018,45,28.98
4977,12/04/2022,13,83.64
7956,07/05/2021,51,111.48
3918,22/04/2022,31,80.14
4769,10/10/2018,64,45.71
7974,05/11/2018,37,69.11
7524,29/10/2021,67,168.5
7626,04/07/2022,2,40.57
7581,15/05/2020,99,20.36
8377,25/10/2020,48,158.39
7282,18/11/2022,87,25.2
9436,23/07/2022,79,148.25
9021,31/07/2020,47,19.51
1385,16/01/2021,35,43.96
2829,02/01/2020,94,16.96
3369,20/07/2021,64,91.91
9577,11/03/2021,59,17.72
2656,22/02/2020,66,196.25
1366,12/01/2019,96,58.8
5967,14/06/2021,66,112.44
8158,17/07/2019,96,140.88
3969,20/10/2021,37,61.81
5375,05/08/2020,77,160.15
2044,06/06/2021,37,148.35
1205,04/12/2019,44,70.73
3785,10/10/2021,50,58.58
4400,12/03/2022,68,80.15
3731,02/07/2021,46,117.33
4845,08/02/2020,69,35.02
5740,01/01/2019,21,155.71
5569,17/10/2019,99,79
7618,10/10/2020,97,98.14
9727,27/08/2022,43,154.96
7722,22/01/2019,82,15.52
7697,16/02/2018,42,125.86
7378,04/02/2021,66,174.05
4273,23/10/2019,17,65.67
8268,11/05/2019,23,194.83
2144,15/01/2018,96,16.14
5260,15/12/2022,92,112.09
7527,24/08/2022,93,156.06
8021,01/06/2022,16,29.69
3325,13/05/2019,62,49.92
9053,22/03/2022,32,153.83
5225,09/03/2021,36,122.94
6942,01/01/2022,38,68.27
3106,28/10/2018,78,65.54
5963,31/10/2018,75,12.29
3553,17/04/2021,65,69.72
9605,14/09/2020,23,101.96
4382,05/04/2019,20,62.88
1199,17/09/2022,96,170.69
6398,05/11/2020,9,61.58
3993,13/11/2021,84,172.93
5546,07/07/2018,96,46.1
8819,08/08/2020,13,112.02
8240,20/06/2018,61,47.51
2827,14/01/2022,57,157.71
5435,05/10/2020,81,43.54
5079,30/11/2019,36,138.79
1106,16/10/2019,66,99.4
8261,03/12/2019,82,140.52
9221,18/09/2019,41,155.62
3532,26/10/2019,21,46.46
9461,28/08/2020,84,123.09
5974,30/01/2020,19,68.18
7834,12/01/2018,98,188.6
5492,09/02/2018,91,48.42
7265,30/10/2019,72,116.39
2219,13/05/2019,21,71.84
7390,09/11/2021,91,102.54
9812,27/01/2020,57,185.49
7779,16/08/2022,20,176.05
9955,12/04/2022,85,59.54
6143,14/10/2022,47,181.97
6456,12/02/2019,87,194.57
7730,25/05/2020,51,163.15
8163,07/03/2018,65,175.89
2237,03/03/2021,12,195.1
8675,03/06/2021,84,198.66
3493,25/08/2021,43,23.87
8084,27/12/2022,3,86.28
6281,24/05/2020,20,59.18
6810,08/12/2022,92,174.78
1429,28/12/2020,78,189.45
6166,17/04/2019,85,49.67
4559,01/05/2022,46,15.19
4417,19/02/2020,7,94.89
2521,25/12/2018,65,183.52
6871,16/03/2022,41,88.87
2834,24/07/2020,3,11.38
6078,10/09/2022,9,92.49
7384,29/11/2022,61,13.01
1151,20/09/2018,67,39.59
5801,01/02/2020,80,88.83
3975,18/01/2020,15,159.45
5344,27/06/2021,42,15.41
3364,14/04/2020,6,112.5
7879,16/05/2018,15,194.06
1011,30/09/2019,61,99.2
2579,05/09/2020,64,152.26
4695,12/09/2021,11,151.21
4024,04/02/2022,85,67.21
3379,01/04/2021,95,187.58
1234,20/10/2018,82,16.48
6634,20/01/2019,81,175.21
8206,30/08/2018,96,63.07
8984,01/05/2022,71,96.7
7988,08/08/2021,4,193.3
5844,16/09/2018,45,68.34
9370,04/02/2019,19,169.6
3486,26/02/2021,68,109.76
3600,25/07/2018,88,41.47
4312,25/07/2019,7,192.22
8807,16/08/2020,42,35.86
4420,11/02/2022,79,122.86
3625,15/04/2022,32,84.34
2155,09/04/2019,36,36.68
4372,27/06/2020,19,137.73
8718,21/04/2019,85,93.27
6593,28/11/2022,35,190.4
7978,13/04/2021,22,176.49
6940,10/05/2019,86,103.96
5519,31/05/2019,82,106.49
8955,13/05/2019,75,104.05
7157,27/05/2021,67,175.37
2615,24/03/2021,13,32.32
7451,11/01/2022,96,17.57
8074,02/10/2021,4,51.05
7752,01/07/2022,4,148.52
5074,21/07/2019,58,158.9
3631,05/03/2019,72,156.45
9189,21/10/2022,12,73.42
7652,03/10/2019,80,104.47
6521,09/07/2022,57,180.2
9292,05/12/2021,83,116.49
7629,12/10/2022,34,37.7
5815,10/06/2021,73,194.44
5485,23/02/2018,64,52.65
3381,26/01/2018,38,56.3
4149,24/04/2020,24,171.1
5318,02/06/2020,48,79.26
6270,28/10/2022,90,56.91
8794,01/01/2021,41,29.91
4669,10/08/2020,35,119.11
3807,15/02/2018,72,95.21
6806,14/05/2018,93,62.46
3184,22/03/2020,28,135.74
7670,23/10/2018,99,112.53
2960,06/05/2022,10,126.63
3938,08/09/2022,24,15.6
7347,07/07/2022,53,82.45
3906,19/12/2021,56,177.02
2336,27/11/2019,58,152.84
7113,15/07/2018,22,10.33
7141,26/10/2022,9,191.59
3534,13/05/2021,48,119.06
1635,05/01/2021,16,163.37
3742,24/07/2018,64,46.7
7370,25/05/2022,58,189.36
9040,21/01/2019,52,17.9
2618,03/10/2022,67,27.28
3219,06/07/2020,98,47.63
2709,21/10/2019,72,101.98
1903,16/12/2020,6,45.73
3840,05/08/2021,41,150.46
9810,18/04/2018,88,176
8491,16/01/2019,29,145.36
1741,21/02/2020,27,181.06
6419,29/12/2018,50,167.05
5230,12/12/2022,55,139.28
7704,14/11/2021,2,89.02
8998,04/06/2019,77,11.98
4653,25/05/2018,82,31.73
5202,26/10/2021,92,186.82
2777,08/04/2022,16,85.03
1584,18/08/2020,62,30.78
2104,11/05/2019,56,126.91
9251,20/04/2022,25,156.02
5109,26/12/2018,45,97.79
4690,12/01/2019,81,46.92
9659,13/08/2019,72,40.61
1286,20/06/2021,93,42.28
1096,20/02/2020,1,116.92
